名称,地址,经度_GCJ02,纬度_GCJ02,类型,行政区划,经度_WGS84,纬度_WGS84
东南大学(四牌楼校区),新街口街道四牌楼2号(鸡鸣寺地铁站6号口步行300米),118.795193,32.054213,科教文化服务;学校;高等院校,玄武区,118.79000711121148,32.05628479848671
南京大学(鼓楼校区),汉口路22号,118.779562,32.055153,科教文化服务;学校;高等院校,鼓楼区,118.77435362366117,32.05720513517103
江苏青春老年大学,云南北路77号南泰大厦F1层,118.780339,32.066917,科教文化服务;学校;成人教育,鼓楼区,118.7751304564778,32.06897254373908
南京邮电大学(锁金村校区),锁金村街道锁金村10号,118.814272,32.070463,科教文化服务;学校;高等院校,玄武区,118.80912058389347,32.07257012052117
中国药科大学玄武门校区,童家巷24号(玄武门地铁站2号口步行490米),118.779869,32.07332,科教文化服务;学校;高等院校,鼓楼区,118.77465930510348,32.0753764357756
南京医科大学(五台校区),汉中路140号(上海路地铁站2号口步行470米),118.774162,32.044693,科教文化服务;学校;高等院校,鼓楼区,118.76894881639868,32.046737638046736
南京师范大学(随园校区),华侨路街道宁海路街道宁海路122号,118.76768,32.053187,科教文化服务;学校;高等院校,鼓楼区,118.76246060237968,32.055228637396034
东南大学(丁家桥校区),丁家桥87号,118.776028,32.074858,科教文化服务;学校;高等院校,鼓楼区,118.7708138971886,32.076910958700104
南京林业大学(新庄校区),龙蟠路159号,118.816969,32.078892,科教文化服务;学校;高等院校,玄武区,118.81182238145841,32.08100585317073
南京师范大学(紫金校区),板仓街145号,118.820762,32.072165,科教文化服务;学校;高等院校,玄武区,118.81562395013064,32.074284421527466
南京工业大学(丁家桥校区),新模范马路30号,118.775533,32.078737,科教文化服务;学校;高等院校,鼓楼区,118.77031802888227,32.08079033616634
玄武开放大学,富贵山6号5栋,118.821592,32.051575,科教文化服务;学校;成人教育,玄武区,118.8164575915564,32.05369144625026
南京工业大学(虹桥校区),中山北路200号(虹桥地铁站3号口步行380米),118.768319,32.074621,科教文化服务;学校;高等院校,鼓楼区,118.76309807821299,32.076667751239725
南京大学鼓楼校区老年大学,汉口路22号南京大学鼓楼校区,118.779516,32.055884,科教文化服务;学校;成人教育,鼓楼区,118.77430750231348,32.05793624921894
南京航空航天大学(明故宫校区),御道街29号,118.820282,32.035022,科教文化服务;学校;高等院校,秦淮区,118.81514634343375,32.03713228668313
河海大学(西康路校区),西康路1号,118.759579,32.055706,科教文化服务;学校;高等院校,鼓楼区,118.75435502453398,32.05774418566873
南京邮电大学(三牌楼校区),新模范马路66号(近中山北路),118.77037,32.080728,科教文化服务;学校;高等院校,鼓楼区,118.76515010125098,32.08277749902383
南京群艺文化老年大学,南京市文化馆(长江路),118.787637,32.044375,科教文化服务;学校;成人教育,玄武区,118.78244021143726,32.0464341470083
南京中医药大学汉中门校区,汉中路282号(汉中门地铁站1号口步行100米),118.766993,32.044082,科教文化服务;学校;高等院校,鼓楼区,118.76177396925348,32.04612117025492
南京警察学院(花园路校区),玄武湖街道花园路11号,118.825268,32.083552,科教文化服务;学校;高等院校,玄武区,118.82013846519354,32.08568230188774
南京林业大学国际教育学院,龙蟠路159号南京林业大学(新庄校区),118.811227,32.075925,科教文化服务;学校;高等院校,玄武区,118.8060688971158,32.07802784451514
南京开放大学(新街口校区),游府西街46号,118.788606,32.038978,科教文化服务;学校;成人教育,秦淮区,118.78341112679998,32.041037189224646
南京财经大学(福建路校区),铁路北街128号,118.76154,32.086233,科教文化服务;学校;高等院校,鼓楼区,118.75631399341388,32.08827855220665
金陵老年大学,白下路257号工人文化宫,118.795382,32.027085,科教文化服务;学校;成人教育,秦淮区,118.79019892712435,32.029150969604615
江苏省老年大学,广州路189号民防大厦15层,118.771325,32.050975,科教文化服务;科教文化场所;科教文化场所,鼓楼区,118.76610865238406,32.053018719968364
