名称,地址,行政区划,POI类型,X(米),Y(米)
东南大学(四牌楼校区),新街口街道四牌楼2号(鸡鸣寺地铁站6号口步行300米),玄武区,大学,13224220.39,3770429.03
南京大学(鼓楼校区),汉口路22号,鼓楼区,大学,13222480.36,3770552.49
江苏青春老年大学,云南北路77号南泰大厦F1层,鼓楼区,大学,13222566.85,3772097.73
南京邮电大学(锁金村校区),锁金村街道锁金村10号,玄武区,大学,13226344.26,3772563.55
中国药科大学玄武门校区,童家巷24号(玄武门地铁站2号口步行490米),鼓楼区,大学,13222514.53,3772938.87
南京医科大学(五台校区),汉中路140号(上海路地铁站2号口步行470米),鼓楼区,大学,13221879.23,3769178.71
南京师范大学(随园校区),华侨路街道宁海路街道宁海路122号,鼓楼区,大学,13221157.66,3770294.27
东南大学(丁家桥校区),丁家桥87号,鼓楼区,大学,13222086.96,3773140.92
南京林业大学(新庄校区),龙蟠路159号,玄武区,大学,13226644.49,3773670.89
南京师范大学(紫金校区),板仓街145号,玄武区,大学,13227066.72,3772787.14
南京工业大学(丁家桥校区),新模范马路30号,鼓楼区,大学,13222031.85,3773650.53
玄武开放大学,富贵山6号5栋,玄武区,大学,13227159.12,3770082.55
南京工业大学(虹桥校区),中山北路200号(虹桥地铁站3号口步行380米),鼓楼区,大学,13221228.79,3773109.78
南京大学鼓楼校区老年大学,汉口路22号南京大学鼓楼校区,鼓楼区,大学,13222475.24,3770648.51
南京航空航天大学(明故宫校区),御道街29号,秦淮区,大学,13227013.29,3767908.69
河海大学(西康路校区),西康路1号,鼓楼区,大学,13220255.86,3770625.13
南京邮电大学(三牌楼校区),新模范马路66号(近中山北路),鼓楼区,大学,13221457.11,3773912.1
南京群艺文化老年大学,南京市文化馆(长江路),玄武区,大学,13223379.26,3769136.95
南京中医药大学汉中门校区,汉中路282号(汉中门地铁站1号口步行100米),鼓楼区,大学,13221081.18,3769098.47
南京警察学院(花园路校区),玄武湖街道花园路11号,玄武区,大学,13227568.33,3774283.13
新街口(地铁站),1号线;2号线,玄武区,地铁站,13222989.53,3768799.57
南京南站(地铁站),1号线;3号线;6号线;S1号线/机场线;S3号线/宁和线,雨花台区,地铁站,13224397.73,3759500.33
马群(地铁站),2号线;S6号线/宁句线,栖霞区,地铁站,13235299.8,3769829.6
夫子庙(地铁站),3号线;5号线,秦淮区,地铁站,13223761.65,3766404.56
苜蓿园(地铁站),2号线,玄武区,地铁站,13228686.2,3768593.78
大行宫(地铁站),2号线;3号线,玄武区,地铁站,13224175.2,3768790.5
中山陵·下马坊(地铁站),2号线,玄武区,地铁站,13230140.36,3768244.33
三山街(地铁站),1号线;5号线,秦淮区,地铁站,13222705.34,3766332.87
玄武门(地铁站),1号线,玄武区,地铁站,13222999.0,3772552.78
百家湖(地铁站),(规划)12号线;1号线,江宁区,地铁站,13227075.74,3754380.14
迈皋桥(地铁站),1号线,栖霞区,地铁站,13225832.74,3776800.74
南京站(地铁站),(在建)9号线;1号线;3号线,鼓楼区,地铁站,13224366.89,3775041.25
高淳(地铁站),S9号线/宁高线,高淳区,地铁站,13233348.59,3677108.39
武定门(地铁站),3号线,秦淮区,地铁站,13224157.94,3765115.27
鸡鸣寺(地铁站),3号线;4号线,玄武区,地铁站,13224542.0,3770830.03
元通(地铁站),10号线;2号线,建邺区,地铁站,13216011.25,3762716.14
柳洲东路(地铁站),(在建)11号线;3号线,浦口区,地铁站,13218770.64,3781697.26
安德门(地铁站),10号线;1号线,雨花台区,地铁站,13220540.51,3762111.18
西善桥(地铁站),(规划)S2号线/宁马线二期;7号线;S2号线/宁马线,雨花台区,地铁站,13212606.21,3756376.68
油坊桥(地铁站),(规划)S2号线/宁马线二期;2号线;S3号线/宁和线,建邺区,地铁站,13216001.45,3758908.0
南京博物院,中山东路321号,玄武区,博物馆,13227545.62,3768667.72
六朝博物馆,长江路302号,玄武区,博物馆,13224657.99,3768935.36
南京地质博物馆,珠江路700号地质大厦,玄武区,博物馆,13225572.93,3769168.73
南京市博物馆,朝天宫4号,秦淮区,博物馆,13222022.61,3767846.97
江宁织造博物馆,长江路123号,玄武区,博物馆,13224095.49,3768842.9
德基艺术博物馆(德基广场二期店),新街口街道长江路社区中山路18号德基广场二期8层,玄武区,博物馆,13223094.06,3769202.61
中国科举博物馆(江南贡院),贡院街95号,秦淮区,博物馆,13223716.78,3766040.6
南京消防博物馆,北京西路1号南京市消防救援支队机关大院内,鼓楼区,博物馆,13222674.17,3770937.08
南京中国科举博物馆南馆,贡院街95号(近夫子庙邮局)南京中国科举博物馆(江南贡院)内,秦淮区,博物馆,13223712.44,3765993.99
明孝陵博物馆,四方城1号,玄武区,博物馆,13229562.84,3769206.42
南京紫金山昆虫博物馆,四方城西路26号,玄武区,博物馆,13229656.35,3770149.67
南京大学(鼓楼校区)校史博物馆,汉口路22号南京大学鼓楼校区,鼓楼区,博物馆,13222676.06,3770489.97
大行宫见博物馆,中山东路235号大行宫市民广场地下BM1层,玄武区,博物馆,13224419.32,3768722.87
南京市民俗博物馆,南捕厅15,秦淮区,博物馆,13222718.36,3766704.19
南京城墙博物馆,新民坊路边营1号,秦淮区,博物馆,13222864.86,3764958.25
灰色博物馆,建康路2号茂业天地B2层,秦淮区,博物馆,13223173.66,3766247.26
中国南京云锦博物馆,茶亭东街240号,建邺区,博物馆,13218612.23,3768088.33
太平天国历史博物馆,夫子庙街道夫子庙街道瞻园路128号瞻园内(南侧),秦淮区,博物馆,13223100.63,3765971.81
江苏警察博物馆,新街口街道,玄武区,博物馆,13224350.41,3768966.09
南京中国科举博物馆北馆,贡院街118-4号附近,秦淮区,博物馆,13223717.67,3766104.81
幸福蓝海国际影城(鼓楼·荔枝广场店),北京东路2号荔枝广场6-9层,玄武区,电影院,13223141.71,3770874.03
珠影CC影院(珠江路店),珠江路新世界百货5层,玄武区,电影院,13223472.33,3769807.14
中影东方影城(紫峰广场店),中山北路8号紫峰购物广场F6层,鼓楼区,电影院,13222856.17,3771277.8
达美影城(太阳宫店),阳光路3号太阳宫商业广场B1层,玄武区,电影院,13226320.44,3771818.85
UME影城,中央路201号金茂览秀城6层(玄武门地铁站2号口旁),鼓楼区,电影院,13222888.23,3772896.31
星轶影城(鼓楼吾悦广场店),新城吾悦广场6层,鼓楼区,电影院,13222182.69,3772139.24
新街口影城(德基广场店),中山路18号德基广场2期7层F710,玄武区,电影院,13223086.94,3769210.62
银兴国际影城(新街口店),正洪街8号PSE·Space次元空间4楼,秦淮区,电影院,13223237.66,3768525.89
南京和平影视娱乐城,中山北路110号和平影城娱乐城1-4层,鼓楼区,电影院,13221872.55,3772250.9
万达影城(新街口店),洪武路88号南京新街口印象汇4F层(西1门旁扶梯上到4F可见),秦淮区,电影院,13223279.41,3768320.24
大华大戏院影城(新街口影城),中山南路67号(近中央商场)(新街口地铁站13号口旁),秦淮区,电影院,13223045.75,3768425.16
卢米埃影城(金鹰新街口杜比全景声激光店),新街口汉中路89号金鹰国际购物中心B座9层,秦淮区,电影院,13222423.81,3768766.87
胜利电影院(德基广场店),中山路18号德基广场二期,玄武区,电影院,13223037.18,3769150.87
星耀汇影城(大洋店),中山南路122号7T-08(新街口地铁站出入口旁),秦淮区,电影院,13222941.0,3768405.07
奇境穿梭(南京金茂览秀城店),金茂览秀城5层L506(玄武门地铁站2号口旁),鼓楼区,电影院,13222908.05,3772854.4
苏宁影城(南京新街口店),淮海路68号苏宁生活广场2楼,秦淮区,电影院,13223210.84,3768176.31
中影GY国际影城,五老村街道杨公井25号,秦淮区,电影院,13223837.12,3767994.96
SJ数字文博馆·隐秘的秦陵·XR未来影院(大行宫店),长江路与长江东街交叉口西120米,玄武区,电影院,13224441.03,3768808.63
浪动魔方百慕大动感影院,金陵style浪漫中心下沉广场(岗子村3号口情侣园方向出口处),玄武区,电影院,13226344.59,3771980.56
梦想空间点播影院(新街口店),汉中路2号世界贸易中心B1层,鼓楼区,电影院,13222838.03,3769025.32
