名称,地址,经度,纬度,类型,行政区划
东南大学(四牌楼校区),新街口街道四牌楼2号(鸡鸣寺地铁站6号口步行300米),118.795193,32.054213,科教文化服务;学校;高等院校,玄武区
南京大学(鼓楼校区),汉口路22号,118.779562,32.055153,科教文化服务;学校;高等院校,鼓楼区
江苏青春老年大学,云南北路77号南泰大厦F1层,118.780339,32.066917,科教文化服务;学校;成人教育,鼓楼区
南京邮电大学(锁金村校区),锁金村街道锁金村10号,118.814272,32.070463,科教文化服务;学校;高等院校,玄武区
中国药科大学玄武门校区,童家巷24号(玄武门地铁站2号口步行490米),118.779869,32.073320,科教文化服务;学校;高等院校,鼓楼区
南京医科大学(五台校区),汉中路140号(上海路地铁站2号口步行470米),118.774162,32.044693,科教文化服务;学校;高等院校,鼓楼区
南京师范大学(随园校区),华侨路街道宁海路街道宁海路122号,118.767680,32.053187,科教文化服务;学校;高等院校,鼓楼区
东南大学(丁家桥校区),丁家桥87号,118.776028,32.074858,科教文化服务;学校;高等院校,鼓楼区
南京林业大学(新庄校区),龙蟠路159号,118.816969,32.078892,科教文化服务;学校;高等院校,玄武区
南京师范大学(紫金校区),板仓街145号,118.820762,32.072165,科教文化服务;学校;高等院校,玄武区
南京工业大学(丁家桥校区),新模范马路30号,118.775533,32.078737,科教文化服务;学校;高等院校,鼓楼区
玄武开放大学,富贵山6号5栋,118.821592,32.051575,科教文化服务;学校;成人教育,玄武区
南京工业大学(虹桥校区),中山北路200号(虹桥地铁站3号口步行380米),118.768319,32.074621,科教文化服务;学校;高等院校,鼓楼区
南京大学鼓楼校区老年大学,汉口路22号南京大学鼓楼校区,118.779516,32.055884,科教文化服务;学校;成人教育,鼓楼区
南京航空航天大学(明故宫校区),御道街29号,118.820282,32.035022,科教文化服务;学校;高等院校,秦淮区
河海大学(西康路校区),西康路1号,118.759579,32.055706,科教文化服务;学校;高等院校,鼓楼区
南京邮电大学(三牌楼校区),新模范马路66号(近中山北路),118.770370,32.080728,科教文化服务;学校;高等院校,鼓楼区
南京群艺文化老年大学,南京市文化馆(长江路),118.787637,32.044375,科教文化服务;学校;成人教育,玄武区
南京中医药大学汉中门校区,汉中路282号(汉中门地铁站1号口步行100米),118.766993,32.044082,科教文化服务;学校;高等院校,鼓楼区
南京警察学院(花园路校区),玄武湖街道花园路11号,118.825268,32.083552,科教文化服务;学校;高等院校,玄武区
南京林业大学国际教育学院,龙蟠路159号南京林业大学(新庄校区),118.811227,32.075925,科教文化服务;学校;高等院校,玄武区
南京开放大学(新街口校区),游府西街46号,118.788606,32.038978,科教文化服务;学校;成人教育,秦淮区
南京财经大学(福建路校区),铁路北街128号,118.761540,32.086233,科教文化服务;学校;高等院校,鼓楼区
金陵老年大学,白下路257号工人文化宫,118.795382,32.027085,科教文化服务;学校;成人教育,秦淮区
江苏省老年大学,广州路189号民防大厦15层,118.771325,32.050975,科教文化服务;科教文化场所;科教文化场所,鼓楼区
