POI_ID,名称,类型,类型编码,地址,行政区,经度_GCJ02,纬度_GCJ02
BV10039905,虹桥火车站(地铁站),交通设施服务;地铁站;地铁站,150500,10号线;17号线;2号线,闵行区,121.31891,31.193987
BV10039900,南京东路(地铁站),交通设施服务;地铁站;地铁站,150500,10号线;2号线,黄浦区,121.484628,31.238101
BV10029743,陆家嘴(地铁站),交通设施服务;地铁站;地铁站,150500,14号线;2号线,浦东新区,121.502129,31.238259
BV10024678,人民广场(地铁站),交通设施服务;地铁站;地铁站,150500,1号线;2号线;8号线,黄浦区,121.475108,31.232687
BV10029707,徐家汇(地铁站),交通设施服务;地铁站;地铁站,150500,11号线;1号线;9号线,徐汇区,121.436603,31.195514
BV10039851,龙阳路(地铁站),交通设施服务;地铁站;地铁站,150500,16号线;18号线;2号线;7号线;磁浮线,浦东新区,121.557634,31.203575
BV10024601,上海火车站(地铁站),交通设施服务;地铁站;地铁站,150500,1号线;3号线;4号线,静安区,121.457939,31.249632
BV10039875,九亭(地铁站),交通设施服务;地铁站;地铁站,150500,9号线,松江区,121.319423,31.137252
BV10025001,莘庄(地铁站),交通设施服务;地铁站;地铁站,150500,1号线;5号线,闵行区,121.385373,31.111152
BV10030419,豫园(地铁站),交通设施服务;地铁站;地铁站,150500,10号线;14号线,黄浦区,121.487426,31.228005
BV10039835,世纪大道(地铁站),交通设施服务;地铁站;地铁站,150500,2号线;4号线;6号线;9号线,浦东新区,121.527213,31.228682
BV10027922,松江大学城(地铁站),交通设施服务;地铁站;地铁站,150500,9号线,松江区,121.232577,31.053984
BV10039782,南京西路(地铁站),交通设施服务;地铁站;地铁站,150500,12号线;13号线;2号线,静安区,121.459971,31.229853
BV10032803,泗泾(地铁站),交通设施服务;地铁站;地铁站,150500,9号线,松江区,121.260247,31.118272
BV10039815,惠南(地铁站),交通设施服务;地铁站;地铁站,150500,16号线,浦东新区,121.761677,31.053828
BV10039960,嘉定北(地铁站),交通设施服务;地铁站;地铁站,150500,11号线,嘉定区,121.23735,31.391549
BV10025485,静安寺(地铁站),交通设施服务;地铁站;地铁站,150500,14号线;2号线;7号线,静安区,121.446533,31.223231
BV11277593,川沙(地铁站),交通设施服务;地铁站;地铁站,150500,2号线,浦东新区,121.69821,31.186741
BV10039872,美兰湖(地铁站),交通设施服务;地铁站;地铁站,150500,7号线,宝山区,121.349894,31.401889
BV10026897,莲花路(地铁站),交通设施服务;地铁站;地铁站,150500,1号线,闵行区,121.40291,31.1309
BV10039921,沈杜公路(地铁站),交通设施服务;地铁站;地铁站,150500,8号线;浦江线,闵行区,121.512272,31.061427
BV10035054,佘山(地铁站),交通设施服务;地铁站;地铁站,150500,9号线,松江区,121.229686,31.104097
BV10026129,七宝(地铁站),交通设施服务;地铁站;地铁站,150500,(在建)嘉闵线;9号线,闵行区,121.349221,31.155287
BV10960991,曹路(地铁站),交通设施服务;地铁站;地铁站,150500,9号线,浦东新区,121.683153,31.271297
BV10032522,东方体育中心(地铁站),交通设施服务;地铁站;地铁站,150500,(在建)19号线;11号线;6号线;8号线,浦东新区,121.480304,31.153366
BV10039893,陕西南路(地铁站),交通设施服务;地铁站;地铁站,150500,10号线;12号线;1号线,徐汇区,121.458744,31.21515
BV10039903,淞虹路(地铁站),交通设施服务;地铁站;地铁站,150500,2号线,长宁区,121.359536,31.218225
BV10681608,迪士尼(地铁站),交通设施服务;地铁站;地铁站,150500,(在建)21号线;11号线,浦东新区,121.667959,31.141263
BV10039612,嘉定新城(地铁站),交通设施服务;地铁站;地铁站,150500,11号线,嘉定区,121.254294,31.330062
BV10030403,五角场(地铁站),交通设施服务;地铁站;地铁站,150500,10号线,杨浦区,121.514632,31.298043
BV10025398,中山公园(地铁站),交通设施服务;地铁站;地铁站,150500,2号线;3号线;4号线,长宁区,121.415773,31.217948
BV10025073,上海南站(地铁站),交通设施服务;地铁站;地铁站,150500,15号线;1号线;3号线,徐汇区,121.430041,31.154579
BV10039805,江苏路(地铁站),交通设施服务;地铁站;地铁站,150500,11号线;2号线,长宁区,121.430635,31.220408
BV10039799,南翔(地铁站),交通设施服务;地铁站;地铁站,150500,(在建)嘉闵线;11号线,嘉定区,121.323141,31.296952
BV10039901,娄山关路(地铁站),交通设施服务;地铁站;地铁站,150500,15号线;2号线,长宁区,121.404058,31.211158
BV10035241,滴水湖(地铁站),交通设施服务;地铁站;地铁站,150500,(在建)南枫线;16号线,浦东新区,121.929583,30.907245
BV10026750,安亭(地铁站),交通设施服务;地铁站;地铁站,150500,11号线,嘉定区,121.161985,31.28849
BV10025307,交通大学(地铁站),交通设施服务;地铁站;地铁站,150500,10号线;11号线,徐汇区,121.435253,31.202213
BV11277590,唐镇(地铁站),交通设施服务;地铁站;地铁站,150500,2号线,浦东新区,121.656269,31.214107
BV10039876,中春路(地铁站),交通设施服务;地铁站;地铁站,150500,9号线;市域机场线,闵行区,121.334596,31.149766
BV10039961,嘉定西(地铁站),交通设施服务;地铁站;地铁站,150500,11号线,嘉定区,121.227855,31.377107
BV10039862,常熟路(地铁站),交通设施服务;地铁站;地铁站,150500,1号线;7号线,徐汇区,121.449141,31.213524
BV10039779,长寿路(地铁站),交通设施服务;地铁站;地铁站,150500,13号线;7号线,普陀区,121.438272,31.24086
BV10039880,宜山路(地铁站),交通设施服务;地铁站;地铁站,150500,3号线;4号线;9号线,徐汇区,121.427194,31.186717
BV10039784,一大会址·新天地(地铁站),交通设施服务;地铁站;地铁站,150500,10号线;13号线,黄浦区,121.475182,31.216367
BV10039933,天潼路(地铁站),交通设施服务;地铁站;地铁站,150500,10号线;12号线,虹口区,121.482321,31.243815
BV10039812,金运路(地铁站),交通设施服务;地铁站;地铁站,150500,(在建)13号线西延伸;(在建)嘉闵线;13号线,嘉定区,121.319308,31.240986
BV10039965,御桥(地铁站),交通设施服务;地铁站;地铁站,150500,11号线;18号线,浦东新区,121.570914,31.158131
BV10039845,五洲大道(地铁站),交通设施服务;地铁站;地铁站,150500,6号线,浦东新区,121.589212,31.302569
BV10039819,广兰路(地铁站),交通设施服务;地铁站;地铁站,150500,(在建)21号线;2号线,浦东新区,121.621072,31.21105
BV10718368,周浦(地铁站),交通设施服务;地铁站;地铁站,150500,18号线,浦东新区,121.567613,31.114129
BV10039874,松江新城(地铁站),交通设施服务;地铁站;地铁站,150500,9号线,松江区,121.230739,31.030295
BV10027172,新场(地铁站),交通设施服务;地铁站;地铁站,150500,16号线,浦东新区,121.64898,31.045561
BV10028225,三林(地铁站),交通设施服务;地铁站;地铁站,150500,11号线,浦东新区,121.511796,31.143224
BV10030431,汶水路(地铁站),交通设施服务;地铁站;地铁站,150500,1号线,静安区,121.450251,31.292556
BV10039904,虹桥2号航站楼(地铁站),交通设施服务;地铁站;地铁站,150500,(在建)嘉闵线;(在建)示范区线;10号线;2号线;市域机场线,闵行区,121.324443,31.194055
BV10039783,淮海中路(地铁站),交通设施服务;地铁站;地铁站,150500,13号线,黄浦区,121.464363,31.220056
BV10031076,马陆(地铁站),交通设施服务;地铁站;地铁站,150500,11号线,嘉定区,121.276906,31.319675
BV10960993,金桥(地铁站),交通设施服务;地铁站;地铁站,150500,(在建)21号线;9号线,浦东新区,121.611336,31.26085
BV10039813,临港大道(地铁站),交通设施服务;地铁站;地铁站,150500,16号线,浦东新区,121.910851,30.923519
BV10039802,真如(地铁站),交通设施服务;地铁站;地铁站,150500,11号线;14号线,普陀区,121.407219,31.250767
BV10718376,航头(地铁站),交通设施服务;地铁站;地铁站,150500,18号线,浦东新区,121.596083,31.037305
BV09301414,景洪路(地铁站),交通设施服务;地铁站;地铁站,150500,(在建)19号线;15号线;市域机场线,闵行区,121.44431,31.109817
BV09301415,康桥东(地铁站),交通设施服务;地铁站;地铁站,150500,(在建)21号线;市域机场线,浦东新区,121.614894,31.146808
BV10026233,顾村公园(地铁站),交通设施服务;地铁站;地铁站,150500,15号线;7号线,宝山区,121.373009,31.344594
BV10039804,曹杨路(地铁站),交通设施服务;地铁站;地铁站,150500,11号线;14号线;3号线;4号线,普陀区,121.417701,31.239302
BV10039897,张江高科(地铁站),交通设施服务;地铁站;地铁站,150500,2号线,浦东新区,121.58749,31.201872
BV10030213,汉中路(地铁站),交通设施服务;地铁站;地铁站,150500,12号线;13号线;1号线,静安区,121.458699,31.241883
BV10538984,秀沿路(地铁站),交通设施服务;地铁站;地铁站,150500,11号线,浦东新区,121.59839,31.138128
BV10025213,漕河泾开发区(地铁站),交通设施服务;地铁站;地铁站,150500,9号线,徐汇区,121.397769,31.170644
BV09334322,上海松江站(地铁站),交通设施服务;地铁站;地铁站,150500,9号线,松江区,121.230884,30.984818
BV11494196,三林南(地铁站),交通设施服务;地铁站;地铁站,150500,(在建)19号线;市域机场线,浦东新区,121.486854,31.126039
BV10039807,龙耀路(地铁站),交通设施服务;地铁站;地铁站,150500,11号线,徐汇区,121.459702,31.15972
BV10026120,颛桥(地铁站),交通设施服务;地铁站;地铁站,150500,5号线,闵行区,121.401868,31.067013
BV10039885,富锦路(地铁站),交通设施服务;地铁站;地铁站,150500,1号线,宝山区,121.424661,31.39226
BV10039879,桂林路(地铁站),交通设施服务;地铁站;地铁站,150500,15号线;9号线,徐汇区,121.418064,31.174791
BV10717296,奉贤新城(地铁站),交通设施服务;地铁站;地铁站,150500,5号线,奉贤区,121.49629,30.913916
BV10037368,七莘路(地铁站),交通设施服务;地铁站;地铁站,150500,(在建)12号线西延线;(在建)嘉闵线;12号线,闵行区,121.362461,31.131634
BV10027135,书院(地铁站),交通设施服务;地铁站;地铁站,150500,16号线,浦东新区,121.85052,30.959264
BV10032461,浦江镇(地铁站),交通设施服务;地铁站;地铁站,150500,8号线,闵行区,121.506272,31.09659
BV09334324,国家会展中心(2号线)(地铁站),交通设施服务;地铁站;地铁站,150500,2号线,青浦区,121.299204,31.188367
BV10025891,打浦桥(地铁站),交通设施服务;地铁站;地铁站,150500,9号线,黄浦区,121.468681,31.206309
BV10039915,大世界(地铁站),交通设施服务;地铁站;地铁站,150500,14号线;8号线,黄浦区,121.479182,31.227392
BV10820968,永德路(地铁站),交通设施服务;地铁站;地铁站,150500,15号线,闵行区,121.443203,31.039147
BV10025258,桃浦新村(地铁站),交通设施服务;地铁站;地铁站,150500,11号线,普陀区,121.349623,31.281603
BV10026584,漕宝路(地铁站),交通设施服务;地铁站;地铁站,150500,12号线;1号线,徐汇区,121.433143,31.168344
BV10538931,漕盈路(地铁站),交通设施服务;地铁站;地铁站,150500,17号线,青浦区,121.096889,31.160467
BV10033468,周浦东(地铁站),交通设施服务;地铁站;地铁站,150500,16号线,浦东新区,121.606895,31.110038
BV10034167,塘桥(地铁站),交通设施服务;地铁站;地铁站,150500,(在建)19号线;4号线,浦东新区,121.51869,31.209762
BV10026004,上海体育馆(地铁站),交通设施服务;地铁站;地铁站,150500,1号线;4号线,徐汇区,121.437423,31.182813
BV10538982,康新公路(地铁站),交通设施服务;地铁站;地铁站,150500,11号线,浦东新区,121.617199,31.130441
BV10039892,一大会址·黄陂南路(地铁站),交通设施服务;地铁站;地铁站,150500,14号线;1号线,黄浦区,121.472339,31.223653
BV10039816,野生动物园(地铁站),交通设施服务;地铁站;地铁站,150500,16号线,浦东新区,121.699218,31.050325
BV10026179,封浜(地铁站),交通设施服务;地铁站;地铁站,150500,14号线,嘉定区,121.297006,31.267488
BV10538930,嘉松中路(地铁站),交通设施服务;地铁站;地铁站,150500,17号线,青浦区,121.223916,31.164099
BV11277591,凌空路(地铁站),交通设施服务;地铁站;地铁站,150500,2号线,浦东新区,121.724095,31.192861
BV10039918,芦恒路(地铁站),交通设施服务;地铁站;地铁站,150500,8号线,闵行区,121.498226,31.119059
BV10039916,西藏南路(地铁站),交通设施服务;地铁站;地铁站,150500,4号线;8号线,黄浦区,121.489555,31.201967
BV10039920,联航路(地铁站),交通设施服务;地铁站;地铁站,150500,8号线,闵行区,121.510594,31.073567
BV10039818,罗山路(地铁站),交通设施服务;地铁站;地铁站,150500,11号线;16号线,浦东新区,121.593152,31.153259
BV10039785,马当路(地铁站),交通设施服务;地铁站;地铁站,150500,13号线;9号线,黄浦区,121.477256,31.20952
BV10039896,金科路(地铁站),交通设施服务;地铁站;地铁站,150500,2号线,浦东新区,121.601989,31.204213
BV10538929,朱家角(地铁站),交通设施服务;地铁站;地铁站,150500,17号线,青浦区,121.048989,31.100594
BV10039864,镇坪路(地铁站),交通设施服务;地铁站;地铁站,150500,3号线;4号线;7号线,普陀区,121.429779,31.246369
BV09449679,蟠祥路·国家会计学院(地铁站),交通设施服务;地铁站;地铁站,150500,2号线,青浦区,121.286143,31.181388
BV10538935,青浦新城(地铁站),交通设施服务;地铁站;地铁站,150500,(在建)示范区线;17号线,青浦区,121.12567,31.158925
BV10024842,桂林公园(地铁站),交通设施服务;地铁站;地铁站,150500,12号线;15号线,徐汇区,121.419647,31.166985
BV10026118,北桥(地铁站),交通设施服务;地铁站;地铁站,150500,5号线,闵行区,121.410054,31.045112
BV10718369,康桥(地铁站),交通设施服务;地铁站;地铁站,150500,18号线,浦东新区,121.567306,31.134239
BV10039972,虹桥路(地铁站),交通设施服务;地铁站;地铁站,150500,10号线;3号线;4号线,长宁区,121.420814,31.197524
BV10538933,赵巷(地铁站),交通设施服务;地铁站;地铁站,150500,17号线,青浦区,121.192279,31.161247
BV10039976,江湾体育场(地铁站),交通设施服务;地铁站;地铁站,150500,10号线,杨浦区,121.513314,31.304293
BV10025089,彭浦新村(地铁站),交通设施服务;地铁站;地铁站,150500,1号线,静安区,121.448642,31.306604
BV10039776,金沙江路(地铁站),交通设施服务;地铁站;地铁站,150500,13号线;3号线;4号线,普陀区,121.413201,31.232147
BV10039887,宝安公路(地铁站),交通设施服务;地铁站;地铁站,150500,1号线,宝山区,121.430914,31.369555
BV10027857,洞泾(地铁站),交通设施服务;地铁站;地铁站,150500,(在建)12号线西延线;9号线,松江区,121.230473,31.084492
BV10037928,醉白池(地铁站),交通设施服务;地铁站;地铁站,150500,9号线,松江区,121.229361,31.001125
BV09301413,上海国际旅游度假区(地铁站),交通设施服务;地铁站;地铁站,150500,市域机场线,浦东新区,121.67973,31.156182
BV10039843,巨峰路(地铁站),交通设施服务;地铁站;地铁站,150500,12号线;6号线,浦东新区,121.588365,31.280684
BV10039878,合川路(地铁站),交通设施服务;地铁站;地铁站,150500,9号线,闵行区,121.384772,31.166542
BV10039919,江月路(地铁站),交通设施服务;地铁站;地铁站,150500,8号线,闵行区,121.508603,31.084253
BV10538940,汇金路(地铁站),交通设施服务;地铁站;地铁站,150500,17号线,青浦区,121.151665,31.161221
BV10039883,商城路(地铁站),交通设施服务;地铁站;地铁站,150500,(在建)19号线;9号线,浦东新区,121.516275,31.230258
BV10039801,李子园(地铁站),交通设施服务;地铁站;地铁站,150500,11号线,普陀区,121.389969,31.26902
BV10039882,陆家浜路(地铁站),交通设施服务;地铁站;地铁站,150500,8号线;9号线,黄浦区,121.486115,31.211789
BV10039794,张江路(地铁站),交通设施服务;地铁站;地铁站,150500,(在建)13号线东延伸;13号线,浦东新区,121.629182,31.18913
BV10030316,北新泾(地铁站),交通设施服务;地铁站;地铁站,150500,2号线,长宁区,121.373998,31.216395
BV10024873,老西门(地铁站),交通设施服务;地铁站;地铁站,150500,10号线;8号线,黄浦区,121.483793,31.219014
BV10039833,蓝村路(地铁站),交通设施服务;地铁站;地铁站,150500,4号线;6号线,浦东新区,121.527627,31.211672
BV10538937,蟠龙路(地铁站),交通设施服务;地铁站;地铁站,150500,17号线,青浦区,121.278645,31.186328
BV10717290,西渡(地铁站),交通设施服务;地铁站;地铁站,150500,5号线,奉贤区,121.432441,30.98935
BV10039850,花木路(地铁站),交通设施服务;地铁站;地铁站,150500,7号线,浦东新区,121.562754,31.211212
BV10039881,嘉善路(地铁站),交通设施服务;地铁站;地铁站,150500,12号线;9号线,徐汇区,121.460704,31.20282
BV10039861,肇嘉浜路(地铁站),交通设施服务;地铁站;地铁站,150500,7号线;9号线,徐汇区,121.450212,31.199436
BV10025899,杨思(地铁站),交通设施服务;地铁站;地铁站,150500,8号线,浦东新区,121.493523,31.161089
BV10024943,龙华(地铁站),交通设施服务;地铁站;地铁站,150500,11号线;12号线,徐汇区,121.452958,31.172672
BV10039888,共富新村(地铁站),交通设施服务;地铁站;地铁站,150500,1号线,宝山区,121.434063,31.355082
BV10039932,国际客运中心(地铁站),交通设施服务;地铁站;地铁站,150500,12号线,虹口区,121.498158,31.25016
BV10030206,小南门(地铁站),交通设施服务;地铁站;地铁站,150500,9号线,黄浦区,121.498398,31.216866
BV10039962,白银路(地铁站),交通设施服务;地铁站;地铁站,150500,11号线,嘉定区,121.24535,31.345359
BV10031164,上海科技馆(地铁站),交通设施服务;地铁站;地铁站,150500,2号线,浦东新区,121.544439,31.21882
BV10820981,紫竹高新区(地铁站),交通设施服务;地铁站;地铁站,150500,(在建)15号线南延;(在建)23号线;15号线,闵行区,121.451221,31.02319
BV11592638,西岑(地铁站),交通设施服务;地铁站;地铁站,150500,(在建)示范区线;17号线,青浦区,120.964163,31.070526
BV10025911,成山路(地铁站),交通设施服务;地铁站;地铁站,150500,13号线;8号线,浦东新区,121.496326,31.170511
BV10030759,共康路(地铁站),交通设施服务;地铁站;地铁站,150500,1号线,静安区,121.447063,31.318936
BV10030068,大柏树(地铁站),交通设施服务;地铁站;地铁站,150500,3号线,虹口区,121.483216,31.289433
BV10039914,曲阜路(地铁站),交通设施服务;地铁站;地铁站,150500,12号线;8号线,静安区,121.471543,31.242307
BV10026161,江湾镇(地铁站),交通设施服务;地铁站;地铁站,150500,(在建)20号线一期东段;3号线,虹口区,121.485064,31.305566
BV10039859,龙华中路(地铁站),交通设施服务;地铁站;地铁站,150500,12号线;7号线,徐汇区,121.457064,31.184379
BV10039917,中华艺术宫(地铁站),交通设施服务;地铁站;地铁站,150500,8号线,浦东新区,121.493626,31.185242
BV10024692,中山北路(地铁站),交通设施服务;地铁站;地铁站,150500,1号线,静安区,121.459204,31.258891
BV11277021,陈翔公路(地铁站),交通设施服务;地铁站;地铁站,150500,11号线,嘉定区,121.306787,31.306484
BV10039992,延安西路(地铁站),交通设施服务;地铁站;地铁站,150500,3号线;4号线,长宁区,121.417062,31.209616
BV10039868,行知路(地铁站),交通设施服务;地铁站;地铁站,150500,7号线,宝山区,121.42177,31.284496
BV10026230,刘行(地铁站),交通设施服务;地铁站;地铁站,150500,7号线,宝山区,121.362376,31.357586
BV10025472,龙柏新村(地铁站),交通设施服务;地铁站;地铁站,150500,10号线,闵行区,121.37048,31.176882
BV10039974,四川北路(地铁站),交通设施服务;地铁站;地铁站,150500,10号线,虹口区,121.484208,31.252035
BV10960992,顾唐路(地铁站),交通设施服务;地铁站;地铁站,150500,9号线,浦东新区,121.656465,31.266074
BV10538938,徐泾北城(地铁站),交通设施服务;地铁站;地铁站,150500,17号线,青浦区,121.241668,31.175518
BV10025272,国权路(地铁站),交通设施服务;地铁站;地铁站,150500,10号线;18号线,杨浦区,121.510024,31.289276
BV10032414,罗南新村(地铁站),交通设施服务;地铁站;地铁站,150500,7号线,宝山区,121.35747,31.388831
BV10039975,海伦路(地铁站),交通设施服务;地铁站;地铁站,150500,(在建)19号线;10号线;4号线,虹口区,121.488697,31.259303
BV11277589,华夏东路(地铁站),交通设施服务;地铁站;地铁站,150500,2号线,浦东新区,121.680972,31.196575
BV10039873,松江体育中心(地铁站),交通设施服务;地铁站;地铁站,150500,9号线,松江区,121.230546,31.016006
BV11639102,上海财经大学(地铁站),交通设施服务;地铁站;地铁站,150500,(在建)20号线一期东段;18号线,杨浦区,121.496332,31.307672
BV10039890,延长路(地铁站),交通设施服务;地铁站;地铁站,150500,1号线,静安区,121.455329,31.271675
BV10039808,大渡河路(地铁站),交通设施服务;地铁站;地铁站,150500,13号线;15号线,普陀区,121.394431,31.231752
BV10029799,呼兰路(地铁站),交通设施服务;地铁站;地铁站,150500,18号线;1号线,宝山区,121.437711,31.339703
BV10039929,宁国路(地铁站),交通设施服务;地铁站;地铁站,150500,12号线,杨浦区,121.532352,31.268574
BV10039867,大华三路(地铁站),交通设施服务;地铁站;地铁站,150500,7号线,宝山区,121.422949,31.274047
BV10039931,大连路(地铁站),交通设施服务;地铁站;地铁站,150500,12号线;4号线,虹口区,121.513088,31.257938
BV10960990,台儿庄路(地铁站),交通设施服务;地铁站;地铁站,150500,9号线,浦东新区,121.597458,31.252825
BV10039977,三门路(地铁站),交通设施服务;地铁站;地铁站,150500,(在建)20号线一期东段;10号线,杨浦区,121.50834,31.313214
BV10039954,蓝天路(地铁站),交通设施服务;地铁站;地铁站,150500,14号线;9号线,浦东新区,121.577995,31.241028
BV11277592,创新中路(地铁站),交通设施服务;地铁站;地铁站,150500,2号线,浦东新区,121.673713,31.213871
BV10039991,中潭路(地铁站),交通设施服务;地铁站;地铁站,150500,3号线;4号线,普陀区,121.441001,31.254568
BV10039902,威宁路(地铁站),交通设施服务;地铁站;地铁站,150500,2号线,长宁区,121.387285,31.21487
BV10026582,锦江乐园(地铁站),交通设施服务;地铁站;地铁站,150500,1号线,徐汇区,121.414107,31.142217
BV10538936,徐盈路(地铁站),交通设施服务;地铁站;地铁站,150500,17号线,青浦区,121.253976,31.178101
BV09301412,浦东1号2号航站楼(地铁站),交通设施服务;地铁站;地铁站,150500,(在建)市域机场线后通段;2号线;市域机场线;磁浮线,浦东新区,121.805591,31.150958
BV10025270,四平路(地铁站),交通设施服务;地铁站;地铁站,150500,10号线;8号线,虹口区,121.501488,31.27488
BV10039913,西藏北路(地铁站),交通设施服务;地铁站;地铁站,150500,8号线,静安区,121.468818,31.263453
BV10030224,祁连山路(地铁站),交通设施服务;地铁站;地铁站,150500,11号线,普陀区,121.376035,31.27165
BV10039889,上海马戏城(地铁站),交通设施服务;地铁站;地铁站,150500,(在建)20号线一期东段;(在建)20号线一期西段;1号线,静安区,121.452023,31.279895
BV10039857,耀华路(地铁站),交通设施服务;地铁站;地铁站,150500,7号线;8号线,浦东新区,121.494605,31.178513
BV10039806,云锦路(地铁站),交通设施服务;地铁站;地铁站,150500,11号线,徐汇区,121.458519,31.166488
BV10040000,剑川路(地铁站),交通设施服务;地铁站;地铁站,150500,5号线,闵行区,121.416582,31.026483
BV10718377,下沙(地铁站),交通设施服务;地铁站;地铁站,150500,18号线,浦东新区,121.588988,31.054396
BV10039866,新村路(地铁站),交通设施服务;地铁站;地铁站,150500,(在建)20号线一期西段;7号线,普陀区,121.422668,31.263855
BV10039860,东安路(地铁站),交通设施服务;地铁站;地铁站,150500,4号线;7号线,徐汇区,121.454897,31.190819
BV10039778,武宁路(地铁站),交通设施服务;地铁站;地铁站,150500,13号线;14号线,普陀区,121.430504,31.234346
BV10029831,鹤沙航城(地铁站),交通设施服务;地铁站;地铁站,150500,16号线,浦东新区,121.611239,31.077797
BV10039869,场中路(地铁站),交通设施服务;地铁站;地铁站,150500,7号线,宝山区,121.413458,31.303682
BV10039777,隆德路(地铁站),交通设施服务;地铁站;地铁站,150500,11号线;13号线,普陀区,121.423576,31.230509
BV10039964,浦三路(地铁站),交通设施服务;地铁站;地铁站,150500,11号线,浦东新区,121.539005,31.150861
BV10039884,杨高中路(地铁站),交通设施服务;地铁站;地铁站,150500,18号线;9号线,浦东新区,121.548664,31.22751
BV10039966,航中路(地铁站),交通设施服务;地铁站;地铁站,150500,10号线,闵行区,121.355336,31.165417
BV10025457,复兴岛(地铁站),交通设施服务;地铁站;地铁站,150500,12号线,杨浦区,121.561315,31.280779
BV10854616,双江路(地铁站),交通设施服务;地铁站;地铁站,150500,10号线,浦东新区,121.539425,31.353601
BV10032793,世纪公园(地铁站),交通设施服务;地铁站;地铁站,150500,2号线,浦东新区,121.550909,31.209421
BV10039780,江宁路(地铁站),交通设施服务;地铁站;地铁站,150500,13号线,普陀区,121.44483,31.244282
BV10030231,大场镇(地铁站),交通设施服务;地铁站;地铁站,150500,7号线,宝山区,121.416157,31.293259
BV10039940,大木桥路(地铁站),交通设施服务;地铁站;地铁站,150500,12号线;4号线,徐汇区,121.463278,31.194057
BV10039858,后滩(地铁站),交通设施服务;地铁站;地铁站,150500,(在建)19号线;7号线,浦东新区,121.473756,31.171918
BV10024871,虹口足球场(地铁站),交通设施服务;地铁站;地铁站,150500,3号线;8号线,虹口区,121.479154,31.271392
BV10538939,淀山湖大道(地铁站),交通设施服务;地铁站;地铁站,150500,17号线,青浦区,121.082134,31.13446
BV10039986,长江南路(地铁站),交通设施服务;地铁站;地铁站,150500,18号线;3号线,宝山区,121.491482,31.332062
BV10039950,浦东大道(地铁站),交通设施服务;地铁站;地铁站,150500,14号线;4号线,浦东新区,121.519302,31.240308
BV10039840,云山路(地铁站),交通设施服务;地铁站;地铁站,150500,14号线;6号线,浦东新区,121.571153,31.250969
BV10031109,通河新村(地铁站),交通设施服务;地铁站;地铁站,150500,1号线,宝山区,121.441546,31.33113
BV09334326,国家会展中心(17号线)(地铁站),交通设施服务;地铁站;地铁站,150500,17号线,青浦区,121.29304,31.191678
BV10039863,昌平路(地铁站),交通设施服务;地铁站;地铁站,150500,7号线,静安区,121.442617,31.233749
BV10039963,三林东(地铁站),交通设施服务;地铁站;地铁站,150500,11号线,浦东新区,121.522999,31.146459
BV10039894,衡山路(地铁站),交通设施服务;地铁站;地铁站,150500,1号线,徐汇区,121.446424,31.204528
BV10039786,长清路(地铁站),交通设施服务;地铁站;地铁站,150500,13号线;7号线,浦东新区,121.488524,31.174008
BV10960995,民雷路(地铁站),交通设施服务;地铁站;地铁站,150500,9号线,浦东新区,121.668125,31.268335
BV10039973,上海图书馆(地铁站),交通设施服务;地铁站;地铁站,150500,10号线,徐汇区,121.444363,31.20796
BV10039943,嘉怡路(地铁站),交通设施服务;地铁站;地铁站,150500,14号线,嘉定区,121.345697,31.259195
BV10039987,殷高西路(地铁站),交通设施服务;地铁站;地铁站,150500,3号线,宝山区,121.484856,31.320005
BV10039949,浦东南路(地铁站),交通设施服务;地铁站;地铁站,150500,(在建)19号线;14号线,浦东新区,121.512412,31.238532
BV10039988,赤峰路(地铁站),交通设施服务;地铁站;地铁站,150500,3号线,虹口区,121.482429,31.281247
BV10717297,萧塘(地铁站),交通设施服务;地铁站;地铁站,150500,5号线,奉贤区,121.441857,30.965888
BV10025388,上海动物园(地铁站),交通设施服务;地铁站;地铁站,150500,10号线,长宁区,121.368137,31.190246
BV10039891,新闸路(地铁站),交通设施服务;地铁站;地铁站,150500,1号线,黄浦区,121.468151,31.238373
BV10039790,莲溪路(地铁站),交通设施服务;地铁站;地铁站,150500,13号线;18号线,浦东新区,121.566414,31.16911
