POI_ID,名称,类型,类型编码,地址,行政区,经度_GCJ02,纬度_GCJ02,站名,经度_WGS84,纬度_WGS84,X_米,Y_米
BV10039905,虹桥火车站(地铁站),交通设施服务;地铁站;地铁站,150500,10号线;17号线;2号线,闵行区,121.31891,31.193987,虹桥火车站,121.31440079131502,31.195956515496235,339401.662158275,3452543.00162535
BV10039900,南京东路(地铁站),交通设施服务;地铁站;地铁站,150500,10号线;2号线,黄浦区,121.484628,31.238101,南京东路,121.48012554300402,31.240056750292084,355260.4189827972,3457202.5169987087
BV10029743,陆家嘴(地铁站),交通设施服务;地铁站;地铁站,150500,14号线;2号线,浦东新区,121.502129,31.238259,陆家嘴,121.49768856801415,31.240266391871845,356933.46380509855,3457202.87022603
BV10024678,人民广场(地铁站),交通设施服务;地铁站;地铁站,150500,1号线;2号线;8号线,黄浦区,121.475108,31.232687,人民广场,121.47057452165278,31.23461891302854,354342.41671913327,3456612.3027186682
BV10029707,徐家汇(地铁站),交通设施服务;地铁站;地铁站,150500,11号线;1号线;9号线,徐汇区,121.436603,31.195514,徐家汇,121.4319781504182,31.197384476208402,350607.64467014105,3452536.4728288753
BV10039851,龙阳路(地铁站),交通设施服务;地铁站;地铁站,150500,16号线;18号线;2号线;7号线;磁浮线,浦东新区,121.557634,31.203575,龙阳路,121.55337579227385,31.205745894091287,362187.0542987045,3453305.6294621904
BV10024601,上海火车站(地铁站),交通设施服务;地铁站;地铁站,150500,1号线;3号线;4号线,静安区,121.457939,31.249632,上海火车站,121.45335424040468,31.2515146292419,352728.4561348317,3458507.997189418
BV10039875,九亭(地铁站),交通设施服务;地铁站;地铁站,150500,9号线,松江区,121.319423,31.137252,九亭,121.31491749655183,31.139249667201273,339355.19154676865,3446256.273003502
BV10025001,莘庄(地铁站),交通设施服务;地铁站;地铁站,150500,1号线;5号线,闵行区,121.385373,31.111152,莘庄,121.38074305020442,31.113056714530725,345588.94308204297,3443259.221377307
BV10030419,豫园(地铁站),交通设施服务;地铁站;地铁站,150500,10号线;14号线,黄浦区,121.487426,31.228005,豫园,121.48293404593129,31.2299734170814,355512.5555813114,3456081.1297565177
BV10039835,世纪大道(地铁站),交通设施服务;地铁站;地铁站,150500,2号线;4号线;6号线;9号线,浦东新区,121.527213,31.228682,世纪大道,121.52286273741939,31.230767797583535,359316.99408746394,3456117.647688205
BV10027922,松江大学城(地铁站),交通设施服务;地铁站;地铁站,150500,9号线,松江区,121.232577,31.053984,松江大学城,121.22815847015136,31.056089743035436,330935.656525879,3437166.941511206
BV10039782,南京西路(地铁站),交通设施服务;地铁站;地铁站,150500,12号线;13号线;2号线,静安区,121.459971,31.229853,南京西路,121.45539328515295,31.231749019845896,352891.9940852487,3456314.3001477155
BV10032803,泗泾(地铁站),交通设施服务;地铁站;地铁站,150500,9号线,松江区,121.260247,31.118272,泗泾,121.2558290689944,31.12034956205405,333688.3011280269,3444248.3817997486
BV10039815,惠南(地铁站),交通设施服务;地铁站;地铁站,150500,16号线,浦东新区,121.761677,31.053828,惠南,121.75731858965825,31.055935984334784,381431.02387274033,3436464.4564737612
BV10039960,嘉定北(地铁站),交通设施服务;地铁站;地铁站,150500,11号线,嘉定区,121.23735,31.391549,嘉定北,121.23290622835577,31.393504719492913,331986.9505341409,3474563.3702408397
BV10025485,静安寺(地铁站),交通设施服务;地铁站;地铁站,150500,14号线;2号线;7号线,静安区,121.446533,31.223231,静安寺,121.44192391906668,31.22510338392973,351598.6395740694,3455595.6596744223
BV11277593,川沙(地铁站),交通设施服务;地铁站;地铁站,150500,2号线,浦东新区,121.69821,31.186741,川沙,121.69388249872961,31.188830784927248,375551.4512734913,3451264.0814076024
BV10039872,美兰湖(地铁站),交通设施服务;地铁站;地铁站,150500,7号线,宝山区,121.349894,31.401889,美兰湖,121.3452976441044,31.40371945499301,342691.44224977755,3475529.4151876518
BV10026897,莲花路(地铁站),交通设施服务;地铁站;地铁站,150500,1号线,闵行区,121.40291,31.1309,莲花路,121.39826742653811,31.13278453827781,347291.8654766298,3445421.7209703038
BV10039921,沈杜公路(地铁站),交通设施服务;地铁站;地铁站,150500,8号线;浦江线,闵行区,121.512272,31.061427,沈杜公路,121.50788329922891,31.063557021975168,357640.4796105768,3437602.29959831
BV10035054,佘山(地铁站),交通设施服务;地铁站;地铁站,150500,9号线,松江区,121.229686,31.104097,佘山,121.22526078122465,31.106172045615544,330747.93064160476,3442723.0578731913
BV10026129,七宝(地铁站),交通设施服务;地铁站;地铁站,150500,(在建)嘉闵线;9号线,闵行区,121.349221,31.155287,七宝,121.34464736621474,31.157219169514303,342219.5926994396,3448205.437715445
BV10960991,曹路(地铁站),交通设施服务;地铁站;地铁站,150500,9号线,浦东新区,121.683153,31.271297,曹路,121.67884594835469,31.273375273673782,374230.68955400155,3460652.2462329925
BV10032522,东方体育中心(地铁站),交通设施服务;地铁站;地铁站,150500,(在建)19号线;11号线;6号线;8号线,浦东新区,121.480304,31.153366,东方体育中心,121.47579425414541,31.155351063700955,354718.48476949916,3447818.844778489
BV10039893,陕西南路(地铁站),交通设施服务;地铁站;地铁站,150500,10号线;12号线;1号线,徐汇区,121.458744,31.21515,陕西南路,121.45416432149172,31.217050184911795,352752.1409326703,3454686.60422447
BV10039903,淞虹路(地铁站),交通设施服务;地铁站;地铁站,150500,2号线,长宁区,121.359536,31.218225,淞虹路,121.35493594459567,31.22010813963228,343304.0592969295,3455162.0422135056
BV10681608,迪士尼(地铁站),交通设施服务;地铁站;地铁站,150500,(在建)21号线;11号线,浦东新区,121.667959,31.141263,迪士尼,121.6636921780669,31.143432509218126,372613.889396464,3446266.402040878
BV10039612,嘉定新城(地铁站),交通设施服务;地铁站;地铁站,150500,11号线,嘉定区,121.254294,31.330062,嘉定新城,121.24985963696187,31.332042739300906,333490.74042487517,3467724.2030528993
BV10030403,五角场(地铁站),交通设施服务;地铁站;地铁站,150500,10号线,杨浦区,121.514632,31.298043,五角场,121.51023173148961,31.300062629370125,358217.5663218483,3463814.933364655
BV10025398,中山公园(地铁站),交通设施服务;地铁站;地铁站,150500,2号线;3号线;4号线,长宁区,121.415773,31.217948,中山公园,121.41112464970908,31.21978981438531,348656.299625664,3455048.435540873
BV10025073,上海南站(地铁站),交通设施服务;地铁站;地铁站,150500,15号线;1号线;3号线,徐汇区,121.430041,31.154579,上海南站,121.4254104439573,31.15646248736629,349917.286028674,3448009.2554671434
BV10039805,江苏路(地铁站),交通设施服务;地铁站;地铁站,150500,11号线;2号线,长宁区,121.430635,31.220408,江苏路,121.4259994634918,31.222259428102564,350077.22282140085,3455301.9106354965
BV10039799,南翔(地铁站),交通设施服务;地铁站;地铁站,150500,(在建)嘉闵线;11号线,嘉定区,121.323141,31.296952,南翔,121.3186135884948,31.298867872657453,339976.8060715592,3463944.777419891
BV10039901,娄山关路(地铁站),交通设施服务;地铁站;地铁站,150500,15号线;2号线,长宁区,121.404058,31.211158,娄山关路,121.39940825872108,31.213001532377334,347529.2566690707,3454312.067655472
BV10035241,滴水湖(地铁站),交通设施服务;地铁站;地铁站,150500,(在建)南枫线;16号线,浦东新区,121.929583,30.907245,滴水湖,121.92549680754986,30.909608561800994,397321.9179659028,3420078.970819439
BV10026750,安亭(地铁站),交通设施服务;地铁站;地铁站,150500,11号线,嘉定区,121.161985,31.28849,安亭,121.15742683267726,31.29036665951417,324618.02767698606,3463247.5576257235
BV10025307,交通大学(地铁站),交通设施服务;地铁站;地铁站,150500,10号线;11号线,徐汇区,121.435253,31.202213,交通大学,121.43062547895518,31.204078466932614,350489.2861054663,3453280.3165537203
BV11277590,唐镇(地铁站),交通设施服务;地铁站;地铁站,150500,2号线,浦东新区,121.656269,31.214107,唐镇,121.65201786011181,31.21626118593474,371599.26162669965,3454352.4043822642
BV10039876,中春路(地铁站),交通设施服务;地铁站;地铁站,150500,9号线;市域机场线,闵行区,121.334596,31.149766,中春路,121.33005525230656,31.151728385367974,340819.3773800726,3447617.6761284503
BV10039961,嘉定西(地铁站),交通设施服务;地铁站;地铁站,150500,11号线,嘉定区,121.227855,31.377107,嘉定西,121.2234048918265,31.379059482949607,331057.5741311584,3472976.5834622066
BV10039862,常熟路(地铁站),交通设施服务;地铁站;地铁站,150500,1号线;7号线,徐汇区,121.449141,31.213524,常熟路,121.44453832941556,31.215405610231954,351832.551267616,3454517.1726268604
BV10039779,长寿路(地铁站),交通设施服务;地铁站;地铁站,150500,13号线;7号线,普陀区,121.438272,31.24086,长寿路,121.43364591573892,31.24271137893291,350837.77239781164,3457558.626916437
BV10039880,宜山路(地铁站),交通设施服务;地铁站;地铁站,150500,3号线;4号线;9号线,徐汇区,121.427194,31.186717,宜山路,121.42255733239939,31.18858134625041,349696.0583981766,3451573.4296652386
BV10039784,一大会址·新天地(地铁站),交通设施服务;地铁站;地铁站,150500,10号线;13号线,黄浦区,121.475182,31.216367,一大会址·新天地,121.4706501647708,31.21830670987798,354324.5944483171,3454804.0374185434
BV10039933,天潼路(地铁站),交通设施服务;地铁站;地铁站,150500,10号线;12号线,虹口区,121.482321,31.243815,天潼路,121.47781022372148,31.245761639389247,355048.61993124324,3457837.9264908857
BV10039812,金运路(地铁站),交通设施服务;地铁站;地铁站,150500,(在建)13号线西延伸;(在建)嘉闵线;13号线,嘉定区,121.319308,31.240986,金运路,121.31479390272013,31.242932639189654,339518.5306889209,3457749.792515937
BV10039965,御桥(地铁站),交通设施服务;地铁站;地铁站,150500,11号线;18号线,浦东新区,121.570914,31.158131,御桥,121.56668743968547,31.160346633627455,363390.1203009067,3448256.854346222
BV10039845,五洲大道(地铁站),交通设施服务;地铁站;地铁站,150500,6号线,浦东新区,121.589212,31.302569,五洲大道,121.58499775006693,31.304736321075115,365340.4451274207,3464239.257556462
BV10039819,广兰路(地铁站),交通设施服务;地铁站;地铁站,150500,(在建)21号线;2号线,浦东新区,121.621072,31.21105,广兰路,121.61686725521709,31.213252778318715,368246.55257019575,3454060.3104304727
BV10718368,周浦(地铁站),交通设施服务;地铁站;地铁站,150500,18号线,浦东新区,121.567613,31.114129,周浦,121.56338392795503,31.116363334565033,363012.00469532073,3443385.658672697
BV10039874,松江新城(地铁站),交通设施服务;地铁站;地铁站,150500,9号线,松江区,121.230739,31.030295,松江新城,121.22632093479938,31.03241294009629,330718.3841469721,3434545.145915736
BV10027172,新场(地铁站),交通设施服务;地铁站;地铁站,150500,16号线,浦东新区,121.64898,31.045561,新场,121.64475525074306,31.04781748474411,370679.040188945,3435690.239999558
BV10028225,三林(地铁站),交通设施服务;地铁站;地铁站,150500,11号线,浦东新区,121.511796,31.143224,三林,121.50739866769115,31.145307388755615,357716.2142831095,3446664.5063660694
BV10030431,汶水路(地铁站),交通设施服务;地铁站;地铁站,150500,1号线,静安区,121.450251,31.292556,汶水路,121.44564392298948,31.29440502487276,352061.1680659604,3463272.6556300777
BV10039904,虹桥2号航站楼(地铁站),交通设施服务;地铁站;地铁站,150500,(在建)嘉闵线;(在建)示范区线;10号线;2号线;市域机场线,闵行区,121.324443,31.194055,虹桥2号航站楼,121.31992147085911,31.19601418189924,339927.82193701435,3452541.3885445124
BV10039783,淮海中路(地铁站),交通设施服务;地铁站;地铁站,150500,13号线,黄浦区,121.464363,31.220056,淮海中路,121.459798206763,31.22196667651534,353296.4496316927,3455224.092225298
BV10031076,马陆(地铁站),交通设施服务;地铁站;地铁站,150500,11号线,嘉定区,121.276906,31.319675,马陆,121.27245887006929,31.3216497576776,335623.0803957496,3466538.152394971
BV10960993,金桥(地铁站),交通设施服务;地铁站;地铁站,150500,(在建)21号线;9号线,浦东新区,121.611336,31.26085,金桥,121.60713175729549,31.26303600494705,367388.6732771024,3459590.151416456
BV10039813,临港大道(地铁站),交通设施服务;地铁站;地铁站,150500,16号线,浦东新区,121.910851,30.923519,临港大道,121.90677008804722,30.92588501361848,395550.00307678495,3421900.33606706
BV10039802,真如(地铁站),交通设施服务;地铁站;地铁站,150500,11号线;14号线,普陀区,121.407219,31.250767,真如,121.40256563242033,31.25259214059521,347893.5214690068,3458696.302981037
BV10718376,航头(地铁站),交通设施服务;地铁站;地铁站,150500,18号线,浦东新区,121.596083,31.037305,航头,121.59189532187126,31.03960817787619,365623.00460375345,3434843.0589764058
BV09301414,景洪路(地铁站),交通设施服务;地铁站;地铁站,150500,(在建)19号线;15号线;市域机场线,闵行区,121.44431,31.109817,景洪路,121.4397062681768,31.111743631942286,351210.2450326323,3443033.0248650303
BV09301415,康桥东(地铁站),交通设施服务;地铁站;地铁站,150500,(在建)21号线;市域机场线,浦东新区,121.614894,31.146808,康桥东,121.61069798102754,31.14904725126047,367569.4675085773,3446950.9176833946
BV10026233,顾村公园(地铁站),交通设施服务;地铁站;地铁站,150500,15号线;7号线,宝山区,121.373009,31.344594,顾村公园,121.36837462825916,31.346405674273285,344791.36756439164,3469143.252584464
BV10039804,曹杨路(地铁站),交通设施服务;地铁站;地铁站,150500,11号线;14号线;3号线;4号线,普陀区,121.417701,31.239302,曹杨路,121.41305181129074,31.241134788385068,348873.8746926697,3457411.864313943
BV10039897,张江高科(地铁站),交通设施服务;地铁站;地铁站,150500,2号线,浦东新区,121.58749,31.201872,张江高科,121.58328253515597,31.20408244144192,365034.03739003325,3453084.3487794898
BV10030213,汉中路(地铁站),交通设施服务;地铁站;地铁站,150500,12号线;13号线;1号线,静安区,121.458699,31.241883,汉中路,121.45411688645245,31.243770735999608,352789.06644632586,3457648.5838185186
BV10538984,秀沿路(地铁站),交通设施服务;地铁站;地铁站,150500,11号线,浦东新区,121.59839,31.138128,秀沿路,121.5941950569771,31.140375255069575,365984.0343717289,3446009.5391754587
BV10025213,漕河泾开发区(地铁站),交通设施服务;地铁站;地铁站,150500,9号线,徐汇区,121.397769,31.170644,漕河泾开发区,121.39312464261539,31.172509201898567,346865.39883772633,3449832.227511428
BV09334322,上海松江站(地铁站),交通设施服务;地铁站;地铁站,150500,9号线,松江区,121.230884,30.984818,上海松江站,121.22646988292571,30.98696276651207,330652.232692134,3429506.74981086
BV11494196,三林南(地铁站),交通设施服务;地铁站;地铁站,150500,(在建)19号线;市域机场线,浦东新区,121.486854,31.126039,三林南,121.48236880352312,31.128057151047972,355303.7619322667,3444784.820730351
BV10039807,龙耀路(地铁站),交通设施服务;地铁站;地铁站,150500,11号线,徐汇区,121.459702,31.15972,龙耀路,121.45512964044029,31.161649828933285,352758.3329778045,3448544.3442443116
BV10026120,颛桥(地铁站),交通设施服务;地铁站;地铁站,150500,5号线,闵行区,121.401868,31.067013,颛桥,121.39723119543649,31.068933174255914,347090.7618545762,3438345.403191656
BV10039885,富锦路(地铁站),交通设施服务;地铁站;地铁站,150500,1号线,宝山区,121.424661,31.39226,富锦路,121.4200037849997,31.394040310659907,349779.0042880353,3474351.9650034867
BV10039879,桂林路(地铁站),交通设施服务;地铁站;地铁站,150500,15号线;9号线,徐汇区,121.418064,31.174791,桂林路,121.4134206455937,31.176654951528185,348806.4217216345,3450263.8639866337
BV10717296,奉贤新城(地铁站),交通设施服务;地铁站;地铁站,150500,5号线,奉贤区,121.49629,30.913916,奉贤新城,121.4918560853707,30.91608465797422,355889.60267759365,3421276.6682201773
BV10037368,七莘路(地铁站),交通设施服务;地铁站;地铁站,150500,(在建)12号线西延线;(在建)嘉闵线;12号线,闵行区,121.362461,31.131634,七莘路,121.35786289931151,31.133556234271783,343440.5037604136,3445563.664622315
BV10027135,书院(地铁站),交通设施服务;地铁站;地铁站,150500,16号线,浦东新区,121.85052,30.959264,书院,121.84634798862047,30.961553175004827,389817.69439798465,3425911.79465239
BV10032461,浦江镇(地铁站),交通设施服务;地铁站;地铁站,150500,8号线,闵行区,121.506272,31.09659,浦江镇,121.50185863651075,31.098682127823636,357118.1865347186,3441503.460813871
BV09334324,国家会展中心(2号线)(地铁站),交通设施服务;地铁站;地铁站,150500,2号线,青浦区,121.299204,31.188367,国家会展中心(2号线),121.29473532648962,31.19037253839743,337518.20020805846,3451952.7402976295
BV10025891,打浦桥(地铁站),交通设施服务;地铁站;地铁站,150500,9号线,黄浦区,121.468681,31.206309,打浦桥,121.46412995710618,31.208236723095602,353687.9449221664,3453696.4195531867
BV10039915,大世界(地铁站),交通设施服务;地铁站;地铁站,150500,14号线;8号线,黄浦区,121.479182,31.227392,大世界,121.47466217948994,31.229337385055146,354723.6718244938,3456021.4758256627
BV10820968,永德路(地铁站),交通设施服务;地铁站;地铁站,150500,15号线,闵行区,121.443203,31.039147,永德路,121.43860323403814,31.041111845323304,350994.88817261136,3435205.269073565
BV10025258,桃浦新村(地铁站),交通设施服务;地铁站;地铁站,150500,11号线,普陀区,121.349623,31.281603,桃浦新村,121.34503763055977,31.283475221271043,342466.3922866455,3462200.4235148197
BV10026584,漕宝路(地铁站),交通设施服务;地铁站;地铁站,150500,12号线;1号线,徐汇区,121.433143,31.168344,漕宝路,121.42851534790304,31.170223790038442,350234.9220195034,3449530.4552912456
BV10538931,漕盈路(地铁站),交通设施服务;地铁站;地铁站,150500,17号线,青浦区,121.096889,31.160467,漕盈路,121.09228004875251,31.16234087397795,318171.02945755055,3449160.3783118115
BV10033468,周浦东(地铁站),交通设施服务;地铁站;地铁站,150500,16号线,浦东新区,121.606895,31.110038,周浦东,121.60270383962725,31.112300149150858,366756.01738673815,3442887.3531476995
BV10034167,塘桥(地铁站),交通设施服务;地铁站;地铁站,150500,(在建)19号线;4号线,浦东新区,121.51869,31.209762,塘桥,121.5143117021868,31.211832228295712,358474.28836094204,3454029.6312354524
BV10026004,上海体育馆(地铁站),交通设施服务;地铁站;地铁站,150500,1号线;4号线,徐汇区,121.437423,31.182813,上海体育馆,121.43280056880882,31.184690867720956,350666.07205696986,3451128.303743102
BV10538982,康新公路(地铁站),交通设施服务;地铁站;地铁站,150500,11号线,浦东新区,121.617199,31.130441,康新公路,121.61300324838822,31.1326875801146,367766.52392833354,3445134.811933515
BV10039892,一大会址·黄陂南路(地铁站),交通设施服务;地铁站;地铁站,150500,14号线;1号线,黄浦区,121.472339,31.223653,一大会址·黄陂南路,121.46779759505596,31.225581812239465,354064.0292304633,3455614.227588618
BV10039816,野生动物园(地铁站),交通设施服务;地铁站;地铁站,150500,16号线,浦东新区,121.699218,31.050325,野生动物园,121.69490019279883,31.052486974817242,375470.47983018676,3436150.495404474
BV10026179,封浜(地铁站),交通设施服务;地铁站;地铁站,150500,14号线,嘉定区,121.297006,31.267488,封浜,121.29253453050039,31.269460258888028,337443.9737344737,3460723.0082835685
BV10538930,嘉松中路(地铁站),交通设施服务;地铁站;地铁站,150500,17号线,青浦区,121.223916,31.164099,嘉松中路,121.21947983616386,31.166136314792112,330303.3798303392,3449379.0908085145
BV11277591,凌空路(地铁站),交通设施服务;地铁站;地铁站,150500,2号线,浦东新区,121.724095,31.192861,凌空路,121.71973153037519,31.194910433370765,378022.37334224506,3451909.16302231
BV10039918,芦恒路(地铁站),交通设施服务;地铁站;地铁站,150500,8号线,闵行区,121.498226,31.119059,芦恒路,121.49378162897094,31.12111451647661,356381.558841642,3444000.4140178673
BV10039916,西藏南路(地铁站),交通设施服务;地铁站;地铁站,150500,4号线;8号线,黄浦区,121.489555,31.201967,西藏南路,121.4850727026182,31.20395395654353,355676.73346874537,3453194.1575287213
BV10039920,联航路(地铁站),交通设施服务;地铁站;地铁站,150500,8号线,闵行区,121.510594,31.073567,联航路,121.50619822406395,31.075685076470588,357497.7853370515,3438948.7845771005
BV10039818,罗山路(地铁站),交通设施服务;地铁站;地铁站,150500,11号线;16号线,浦东新区,121.593152,31.153259,罗山路,121.5889530843691,31.15549686770001,365505.62348777486,3447692.0246032556
BV10039785,马当路(地铁站),交通设施服务;地铁站;地铁站,150500,13号线;9号线,黄浦区,121.477256,31.20952,马当路,121.47273142303419,31.211468542707664,354512.38909067906,3454043.3041275707
BV10039896,金科路(地铁站),交通设施服务;地铁站;地铁站,150500,2号线,浦东新区,121.601989,31.204213,金科路,121.59778967125429,31.206426885338953,366419.5091621274,3453326.5974218613
BV10538929,朱家角(地铁站),交通设施服务;地铁站;地铁站,150500,17号线,青浦区,121.048989,31.100594,朱家角,121.04446587876923,31.10256253560353,313495.95356688334,3442613.039613471
BV10039864,镇坪路(地铁站),交通设施服务;地铁站;地铁站,150500,3号线;4号线;7号线,普陀区,121.429779,31.246369,镇坪路,121.42514013143548,31.248207662652074,350036.3695641005,3458179.4041414354
BV09449679,蟠祥路·国家会计学院(地铁站),交通设施服务;地铁站;地铁站,150500,2号线,青浦区,121.286143,31.181388,蟠祥路·国家会计学院,121.28169610646547,31.183414309351853,336263.6357844053,3451200.640871393
BV10538935,青浦新城(地铁站),交通设施服务;地铁站;地铁站,150500,(在建)示范区线;17号线,青浦区,121.12567,31.158925,青浦新城,121.12106807378524,31.160809670858054,320912.4615958531,3448943.6919122273
BV10024842,桂林公园(地铁站),交通设施服务;地铁站;地铁站,150500,12号线;15号线,徐汇区,121.419647,31.166985,桂林公园,121.41500534419723,31.168853767517213,348945.0685090582,3449396.9544109018
BV10026118,北桥(地铁站),交通设施服务;地铁站;地铁站,150500,5号线,闵行区,121.410054,31.045112,北桥,121.40541878983713,31.04704437127281,347837.1337644769,3435907.857454233
BV10718369,康桥(地铁站),交通设施服务;地铁站;地铁站,150500,18号线,浦东新区,121.567306,31.134239,康桥,121.56307466355484,31.136461984714416,363011.39959391905,3445613.8485298813
BV10039972,虹桥路(地铁站),交通设施服务;地铁站;地铁站,150500,10号线;3号线;4号线,长宁区,121.420814,31.197524,虹桥路,121.41617052423223,31.199378159322,349104.56951105426,3452778.9345574863
BV10538933,赵巷(地铁站),交通设施服务;地铁站;地铁站,150500,17号线,青浦区,121.192279,31.161247,赵巷,121.18779275591713,31.163238876552427,327277.6427895189,3449106.9237215654
BV10039976,江湾体育场(地铁站),交通设施服务;地铁站;地铁站,150500,10号线,杨浦区,121.513314,31.304293,江湾体育场,121.50890845979193,31.306306267910543,358100.976553732,3464508.7290984886
BV10025089,彭浦新村(地铁站),交通设施服务;地铁站;地铁站,150500,1号线,静安区,121.448642,31.306604,彭浦新村,121.44403014177078,31.308444555008904,351929.5187994321,3464831.0934570986
BV10039776,金沙江路(地铁站),交通设施服务;地铁站;地铁站,150500,13号线;3号线;4号线,普陀区,121.413201,31.232147,金沙江路,121.40855035609657,31.23398135826079,348433.722002744,3456625.08193513
BV10039887,宝安公路(地铁站),交通设施服务;地铁站;地铁站,150500,1号线,宝山区,121.430914,31.369555,宝安公路,121.42626579296389,31.371347904315865,350338.45611191815,3471827.950463994
BV10027857,洞泾(地铁站),交通设施服务;地铁站;地铁站,150500,(在建)12号线西延线;9号线,松江区,121.230473,31.084492,洞泾,121.22605013821234,31.086578659215107,330788.4780561072,3440549.8918889454
BV10037928,醉白池(地铁站),交通设施服务;地铁站;地铁站,150500,9号线,松江区,121.229361,31.001125,醉白池,121.22494415570831,31.00325881778382,330535.35343149013,3431315.4941600594
BV09301413,上海国际旅游度假区(地铁站),交通设施服务;地铁站;地铁站,150500,市域机场线,浦东新区,121.67973,31.156182,上海国际旅游度假区,121.67543915453135,31.158321269932255,373753.5254204943,3447903.2443383676
BV10039843,巨峰路(地铁站),交通设施服务;地铁站;地铁站,150500,12号线;6号线,浦东新区,121.588365,31.280684,巨峰路,121.58415181884925,31.282859570860158,365228.80175992154,3461815.343632425
BV10039878,合川路(地铁站),交通设施服务;地铁站;地铁站,150500,9号线,闵行区,121.384772,31.166542,合川路,121.38013787780933,31.168417813563106,345620.97327791096,3449396.7481646044
BV10039919,江月路(地铁站),交通设施服务;地铁站;地铁站,150500,8号线,闵行区,121.508603,31.084253,江月路,121.50419912330199,31.086359055030027,357323.0090295173,3440134.503049297
BV10538940,汇金路(地铁站),交通设施服务;地铁站;地铁站,150500,17号线,青浦区,121.151665,31.161221,汇金路,121.14709857798088,31.163138742661747,323398.24925330095,3449160.050576322
BV10039883,商城路(地铁站),交通设施服务;地铁站;地铁站,150500,(在建)19号线;9号线,浦东新区,121.516275,31.230258,商城路,121.51188637362591,31.23231148998462,358273.79757468577,3456302.7909711646
BV10039801,李子园(地铁站),交通设施服务;地铁站;地铁站,150500,11号线,普陀区,121.389969,31.26902,李子园,121.38532108232417,31.27084343454134,346280.90349641675,3460743.34919756
BV10039882,陆家浜路(地铁站),交通设施服务;地铁站;地铁站,150500,8号线;9号线,黄浦区,121.486115,31.211789,陆家浜路,121.48161990559966,31.213761251904383,355362.68965573737,3454285.7781639257
BV10039794,张江路(地铁站),交通设施服务;地铁站;地铁站,150500,(在建)13号线东延伸;13号线,浦东新区,121.629182,31.18913,张江路,121.62497211003473,31.191335823021287,368988.4586564535,3451621.325680574
BV10030316,北新泾(地铁站),交通设施服务;地铁站;地铁站,150500,2号线,长宁区,121.373998,31.216395,北新泾,121.36937328210425,31.218257934961986,344676.39484764455,3454936.5632999483
BV10024873,老西门(地铁站),交通设施服务;地铁站;地铁站,150500,10号线;8号线,黄浦区,121.483793,31.219014,老西门,121.47928933798138,31.220976192692046,355151.6650607905,3455088.5854544714
BV10039833,蓝村路(地铁站),交通设施服务;地铁站;地铁站,150500,4号线;6号线,浦东新区,121.527627,31.211672,蓝村路,121.52327957804326,31.213766941526615,359331.51593118254,3454232.63827723
BV10538937,蟠龙路(地铁站),交通设施服务;地铁站;地铁站,150500,17号线,青浦区,121.278645,31.186328,蟠龙路,121.27420725596744,31.188359489204835,335558.47875932,3451759.9331837245
BV10717290,西渡(地铁站),交通设施服务;地铁站;地铁站,150500,5号线,奉贤区,121.432441,30.98935,西渡,121.42782788014219,30.991329268692507,349888.4263161059,3429701.6190452194
BV10039850,花木路(地铁站),交通设施服务;地铁站;地铁站,150500,7号线,浦东新区,121.562754,31.211212,花木路,121.55850686720727,31.21338852443221,362686.96162431897,3454146.3924412807
BV10039881,嘉善路(地铁站),交通设施服务;地铁站;地铁站,150500,12号线;9号线,徐汇区,121.460704,31.20282,嘉善路,121.45613058933147,31.204730444682856,352920.3853904349,3453318.3733460135
BV10039861,肇嘉浜路(地铁站),交通设施服务;地铁站;地铁站,150500,7号线;9号线,徐汇区,121.450212,31.199436,肇嘉浜路,121.44561292975139,31.201326380024543,351912.98182314564,3452955.0816527884
BV10025899,杨思(地铁站),交通设施服务;地铁站;地铁站,150500,8号线,浦东新区,121.493523,31.161089,杨思,121.48905821146381,31.16310815136769,355994.6278361281,3448661.355646859
BV10024943,龙华(地铁站),交通设施服务;地铁站;地铁站,150500,11号线;12号线,徐汇区,121.452958,31.172672,龙华,121.44836758250575,31.17458100752811,352133.8623759417,3449986.7418713933
BV10039888,共富新村(地铁站),交通设施服务;地铁站;地铁站,150500,1号线,宝山区,121.434063,31.355082,共富新村,121.42942037561639,31.35688313173353,350615.60831987363,3470220.2345464067
BV10039932,国际客运中心(地铁站),交通设施服务;地铁站;地铁站,150500,12号线,虹口区,121.498158,31.25016,国际客运中心,121.4937021969826,31.25215011871563,356571.7651450272,3458525.318829347
BV10030206,小南门(地铁站),交通设施服务;地铁站;地铁站,150500,9号线,黄浦区,121.498398,31.216866,小南门,121.49394590801,31.218872067796056,356544.6817318426,3454836.229986968
BV10039962,白银路(地铁站),交通设施服务;地铁站;地铁站,150500,11号线,嘉定区,121.24535,31.345359,白银路,121.24091366765519,31.347332977105996,332666.56785688945,3469432.764117272
BV10031164,上海科技馆(地铁站),交通设施服务;地铁站;地铁站,150500,2号线,浦东新区,121.544439,31.21882,上海科技馆,121.54014432158802,31.220955236435465,360948.69427683816,3455008.0875489833
BV10820981,紫竹高新区(地铁站),交通设施服务;地铁站;地铁站,150500,(在建)15号线南延;(在建)23号线;15号线,闵行区,121.451221,31.02319,紫竹高新区,121.44663945595856,31.025178240413915,351737.1876269954,3433428.3570964998
BV11592638,西岑(地铁站),交通设施服务;地铁站;地铁站,150500,(在建)示范区线;17号线,青浦区,120.964163,31.070526,西岑,120.95992992750669,31.072747482053796,305371.1928130614,3439453.060020156
BV10025911,成山路(地铁站),交通设施服务;地铁站;地铁站,150500,13号线;8号线,浦东新区,121.496326,31.170511,成山路,121.49187041763938,31.17253366059911,356276.91968405835,3449702.4799043136
BV10030759,共康路(地铁站),交通设施服务;地铁站;地铁站,150500,1号线,静安区,121.447063,31.318936,共康路,121.44244669212526,31.320769086992456,351798.123134302,3466199.390095975
BV10030068,大柏树(地铁站),交通设施服务;地铁站;地铁站,150500,3号线,虹口区,121.483216,31.289433,大柏树,121.47870431851477,31.291362755532926,355203.44965689594,3462891.5409679883
BV10039914,曲阜路(地铁站),交通设施服务;地铁站;地铁站,150500,12号线;8号线,静安区,121.471543,31.242307,曲阜路,121.46699752416663,31.244225212490242,354016.4964000636,3457681.861552045
BV10026161,江湾镇(地铁站),交通设施服务;地铁站;地铁站,150500,(在建)20号线一期东段;3号线,虹口区,121.485064,31.305566,江湾镇,121.48055722758365,31.307494661643897,355404.470169071,3464677.3046504715
BV10039859,龙华中路(地铁站),交通设施服务;地铁站;地铁站,150500,12号线;7号线,徐汇区,121.457064,31.184379,龙华中路,121.45248265404882,31.18629054490637,352544.2163816795,3451279.218258172
BV10039917,中华艺术宫(地铁站),交通设施服务;地铁站;地铁站,150500,8号线,浦东新区,121.493626,31.185242,中华艺术宫,121.4891595137222,31.18724918453246,356040.8193977233,3451337.1644173553
BV10024692,中山北路(地铁站),交通设施服务;地铁站;地铁站,150500,1号线,静安区,121.459204,31.258891,中山北路,121.45462173552565,31.260772333466374,352863.5255735535,3459532.507641601
BV11277021,陈翔公路(地铁站),交通设施服务;地铁站;地铁站,150500,11号线,嘉定区,121.306787,31.306484,陈翔公路,121.3022937710857,31.308425302577977,338439.70006111235,3465028.050369764
BV10039992,延安西路(地铁站),交通设施服务;地铁站;地铁站,150500,3号线;4号线,长宁区,121.417062,31.209616,延安西路,121.41241503773496,31.21146231186863,348765.9671762331,3454123.5763140335
BV10039868,行知路(地铁站),交通设施服务;地铁站;地铁站,150500,7号线,宝山区,121.42177,31.284496,行知路,121.41711967957723,31.28631166659235,349333.12475532247,3462414.130748723
BV10026230,刘行(地铁站),交通设施服务;地铁站;地铁站,150500,7号线,宝山区,121.362376,31.357586,刘行,121.35775850633698,31.359408613160163,343802.88190363464,3470599.6723760846
BV10025472,龙柏新村(地铁站),交通设施服务;地铁站;地铁站,150500,10号线,闵行区,121.37048,31.176882,龙柏新村,121.36586413174008,31.178768879242433,344277.4034556998,3450564.1559365722
BV10039974,四川北路(地铁站),交通设施服务;地铁站;地铁站,150500,10号线,虹口区,121.484208,31.252035,四川北路,121.47970291111568,31.25398332935418,355241.4197855614,3458746.7978323167
BV10960992,顾唐路(地铁站),交通设施服务;地铁站;地铁站,150500,9号线,浦东新区,121.656465,31.266074,顾唐路,121.65220919227853,31.268204417501288,371687.7471694376,3460109.754978714
BV10538938,徐泾北城(地铁站),交通设施服务;地铁站;地铁站,150500,17号线,青浦区,121.241668,31.175518,徐泾北城,121.23724478549396,31.17756329868887,332016.9392112944,3450618.695142223
BV10025272,国权路(地铁站),交通设施服务;地铁站;地铁站,150500,10号线;18号线,杨浦区,121.510024,31.289276,国权路,121.50560785509765,31.29128533785135,357764.2772357804,3462847.946426274
BV10032414,罗南新村(地铁站),交通设施服务;地铁站;地铁站,150500,7号线,宝山区,121.35747,31.388831,罗南新村,121.35285919601681,31.390651966348706,343388.69113155827,3474070.0467023053
BV10039975,海伦路(地铁站),交通设施服务;地铁站;地铁站,150500,(在建)19号线;10号线;4号线,虹口区,121.488697,31.259303,海伦路,121.48420678195443,31.26126108847032,355681.3896566031,3459547.6227587215
BV11277589,华夏东路(地铁站),交通设施服务;地铁站;地铁站,150500,2号线,浦东新区,121.680972,31.196575,华夏东路,121.67667538848087,31.198691498541848,373924.8775038292,3452376.552483352
BV10039873,松江体育中心(地铁站),交通设施服务;地铁站;地铁站,150500,9号线,松江区,121.230546,31.016006,松江体育中心,121.22612896848024,31.01813211981823,330674.79087863263,3432962.4004671792
BV11639102,上海财经大学(地铁站),交通设施服务;地铁站;地铁站,150500,(在建)20号线一期东段;18号线,杨浦区,121.496332,31.307672,上海财经大学,121.49186470148165,31.30963290533425,356483.88760139537,3464899.5469376114
BV10039890,延长路(地铁站),交通设施服务;地铁站;地铁站,150500,1号线,静安区,121.455329,31.271675,延长路,121.45073572992787,31.27354260232299,352513.3661208119,3460953.260389574
BV10039808,大渡河路(地铁站),交通设施服务;地铁站;地铁站,150500,13号线;15号线,普陀区,121.394431,31.231752,大渡河路,121.38978311155353,31.233589103498193,346645.517872454,3456607.5053631947
BV10029799,呼兰路(地铁站),交通设施服务;地铁站;地铁站,150500,18号线;1号线,宝山区,121.437711,31.339703,呼兰路,121.43307536295066,31.34151402753844,350939.0438277342,3468511.609987196
BV10039929,宁国路(地铁站),交通设施服务;地铁站;地铁站,150500,12号线,杨浦区,121.532352,31.268574,宁国路,121.5280155541393,31.270656251227134,359866.743376421,3460532.590584883
BV10039867,大华三路(地铁站),交通设施服务;地铁站;地铁站,150500,7号线,宝山区,121.422949,31.274047,大华三路,121.4183005732159,31.275867788150528,349428.94297013024,3461254.818702039
BV10039931,大连路(地铁站),交通设施服务;地铁站;地铁站,150500,12号线;4号线,虹口区,121.513088,31.257938,大连路,121.50868558996633,31.259969629787538,358010.32864880987,3459372.719073153
BV10960990,台儿庄路(地铁站),交通设施服务;地铁站;地铁站,150500,9号线,浦东新区,121.597458,31.252825,台儿庄路,121.59325320487692,31.255016030222045,366055.8817247527,3458717.9346685186
BV10039977,三门路(地铁站),交通设施服务;地铁站;地铁站,150500,(在建)20号线一期东段;10号线,杨浦区,121.50834,31.313214,三门路,121.50391570906984,31.315208947609314,357639.18803414603,3465502.0111198924
BV10039954,蓝天路(地铁站),交通设施服务;地铁站;地铁站,150500,14号线;9号线,浦东新区,121.577995,31.241028,蓝天路,121.57377297617523,31.24321198837165,364183.98536585196,3457433.3103395775
BV11277592,创新中路(地铁站),交通设施服务;地铁站;地铁站,150500,2号线,浦东新区,121.673713,31.213871,创新中路,121.66942901981419,31.215993006162737,373257.5269563735,3454302.581594101
BV10039991,中潭路(地铁站),交通设施服务;地铁站;地铁站,150500,3号线;4号线,普陀区,121.441001,31.254568,中潭路,121.43637846000473,31.25641724479369,351119.5340531882,3459074.2153770356
BV10039902,威宁路(地铁站),交通设施服务;地铁站;地铁站,150500,2号线,长宁区,121.387285,31.21487,威宁路,121.38264417011882,31.2167197909005,345938.1611112496,3454747.482986116
BV10026582,锦江乐园(地铁站),交通设施服务;地铁站;地铁站,150500,1号线,徐汇区,121.414107,31.142217,锦江乐园,121.40946451531858,31.144096244405265,348377.5216052441,3446660.21394203
BV10538936,徐盈路(地铁站),交通设施服务;地铁站;地铁站,150500,17号线,青浦区,121.253976,31.178101,徐盈路,121.24955454210749,31.180147879613127,333194.71077934955,3450886.5749540045
BV09301412,浦东1号2号航站楼(地铁站),交通设施服务;地铁站;地铁站,150500,(在建)市域机场线后通段;2号线;市域机场线;磁浮线,浦东新区,121.805591,31.150958,浦东1号2号航站楼,121.80129132442873,31.153056424073363,385743.2859251349,3447182.9985336056
BV10025270,四平路(地铁站),交通设施服务;地铁站;地铁站,150500,10号线;8号线,虹口区,121.501488,31.27488,四平路,121.49704211692283,31.276869512518576,356927.13496185513,3461261.0649979906
BV10039913,西藏北路(地铁站),交通设施服务;地铁站;地铁站,150500,8号线,静安区,121.468818,31.263453,西藏北路,121.46426242593085,31.265355012820653,353788.5923908764,3460027.6772367144
BV10030224,祁连山路(地铁站),交通设施服务;地铁站;地铁站,150500,11号线,普陀区,121.376035,31.27165,祁连山路,121.37140254317596,31.27348572964374,344960.00211830944,3461055.7241357476
BV10039889,上海马戏城(地铁站),交通设施服务;地铁站;地铁站,150500,(在建)20号线一期东段;(在建)20号线一期西段;1号线,静安区,121.452023,31.279895,上海马戏城,121.4474210790993,31.281752546880277,352210.58919559524,3461867.758546557
BV10039857,耀华路(地铁站),交通设施服务;地铁站;地铁站,150500,7号线;8号线,浦东新区,121.494605,31.178513,耀华路,121.49014257759589,31.180526468760387,356124.3297103537,3450590.6973969275
BV10039806,云锦路(地铁站),交通设施服务;地铁站;地铁站,150500,11号线,徐汇区,121.458519,31.166488,云锦路,121.45394294704603,31.168411738322426,352655.6856050778,3449295.4597254554
BV10040000,剑川路(地铁站),交通设施服务;地铁站;地铁站,150500,5号线,闵行区,121.416582,31.026483,剑川路,121.41195067941776,31.02842801826245,348431.0172201999,3433835.3802658883
BV10718377,下沙(地铁站),交通设施服务;地铁站;地铁站,150500,18号线,浦东新区,121.588988,31.054396,下沙,121.58479405451497,31.056686369209505,364969.3779538446,3436744.6498623057
BV10039866,新村路(地铁站),交通设施服务;地铁站;地铁站,150500,(在建)20号线一期西段;7号线,普陀区,121.422668,31.263855,新村路,121.4180202224609,31.265679902432133,349386.06171673635,3460125.880252863
BV10039860,东安路(地铁站),交通设施服务;地铁站;地铁站,150500,4号线;7号线,徐汇区,121.454897,31.190819,东安路,121.45030968275387,31.192722815341657,352347.1298152014,3451995.1170887807
BV10039778,武宁路(地铁站),交通设施服务;地铁站;地铁站,150500,13号线;14号线,普陀区,121.430504,31.234346,武宁路,121.42586708297621,31.23619083659705,350086.61467557575,3456846.3667282937
BV10029831,鹤沙航城(地铁站),交通设施服务;地铁站;地铁站,150500,16号线,浦东新区,121.611239,31.077797,鹤沙航城,121.60704987020459,31.0800757682282,367125.6285283766,3439310.317128092
BV10039869,场中路(地铁站),交通设施服务;地铁站;地铁站,150500,7号线,宝山区,121.413458,31.303682,场中路,121.40880120021501,31.305486120891572,348571.90461928095,3464551.013698411
BV10039777,隆德路(地铁站),交通设施服务;地铁站;地铁站,150500,11号线;13号线,普陀区,121.423576,31.230509,隆德路,121.41893192377235,31.232349377753177,349419.96856831515,3456429.9796328754
BV10039964,浦三路(地铁站),交通设施服务;地铁站;地铁站,150500,11号线,浦东新区,121.539005,31.150861,浦三路,121.53469967471156,31.153016797089816,360330.28678468324,3447484.2970338427
BV10039884,杨高中路(地铁站),交通设施服务;地铁站;地铁站,150500,18号线;9号线,浦东新区,121.548664,31.22751,杨高中路,121.54438059914605,31.229650914375487,361364.9376765492,3455966.6427200623
BV10039966,航中路(地铁站),交通设施服务;地铁站;地铁站,150500,10号线,闵行区,121.355336,31.165417,航中路,121.35074878418959,31.16733318119062,342817.9304853012,3449317.889118727
BV10025457,复兴岛(地铁站),交通设施服务;地铁站;地铁站,150500,12号线,杨浦区,121.561315,31.280779,复兴岛,121.55705889558566,31.282922047219238,362649.7311077524,3461855.6874007075
BV10854616,双江路(地铁站),交通设施服务;地铁站;地铁站,150500,10号线,浦东新区,121.539425,31.353601,双江路,121.53510393342114,31.35566954003613,360666.8713039509,3469947.10343801
BV10032793,世纪公园(地铁站),交通设施服务;地铁站;地铁站,150500,2号线,浦东新区,121.550909,31.209421,世纪公园,121.54663321921728,31.211575366638858,361553.15240428783,3453960.2242691573
BV10039780,江宁路(地铁站),交通设施服务;地铁站;地铁站,150500,13号线,普陀区,121.44483,31.244282,江宁路,121.44021562643405,31.24614186703484,351468.8418896552,3457930.0356120607
BV10030231,大场镇(地铁站),交通设施服务;地铁站;地铁站,150500,7号线,宝山区,121.416157,31.293259,大场镇,121.41150226528956,31.295068144757664,348812.3468691334,3463392.4730769913
BV10039940,大木桥路(地铁站),交通设施服务;地铁站;地铁站,150500,12号线;4号线,徐汇区,121.463278,31.194057,大木桥路,121.45871240497476,31.19597762719862,353152.8508722541,3452344.715199895
BV10039858,后滩(地铁站),交通设施服务;地铁站;地铁站,150500,(在建)19号线;7号线,浦东新区,121.473756,31.171918,后滩,121.46922348080814,31.173875782229135,354120.5111843713,3449880.8856385965
BV10024871,虹口足球场(地铁站),交通设施服务;地铁站;地铁站,150500,3号线;8号线,虹口区,121.479154,31.271392,虹口足球场,121.47463029471317,31.273317843232682,354787.9846062651,3460896.6511863996
BV10538939,淀山湖大道(地铁站),交通设施服务;地铁站;地铁站,150500,17号线,青浦区,121.082134,31.13446,淀山湖大道,121.07753999250312,31.13635636089599,316715.8622664221,3446304.1283091754
BV10039986,长江南路(地铁站),交通设施服务;地铁站;地铁站,150500,18号线;3号线,宝山区,121.491482,31.332062,长江南路,121.48699531427168,31.333999497617835,356057.5472384668,3467606.8992231144
BV10039950,浦东大道(地铁站),交通设施服务;地铁站;地铁站,150500,14号线;4号线,浦东新区,121.519302,31.240308,浦东大道,121.51492328143007,31.242365812946318,358578.0430221522,3457413.3854977116
BV10039840,云山路(地铁站),交通设施服务;地铁站;地铁站,150500,14号线;6号线,浦东新区,121.571153,31.250969,云山路,121.56691916115423,31.253140222244696,363545.53243900585,3458542.260075168
BV10031109,通河新村(地铁站),交通设施服务;地铁站;地铁站,150500,1号线,宝山区,121.441546,31.33113,通河新村,121.43691777301285,31.332949595983,351291.13974079804,3467557.047641426
BV09334326,国家会展中心(17号线)(地铁站),交通设施服务;地铁站;地铁站,150500,17号线,青浦区,121.29304,31.191678,国家会展中心(17号线),121.2885817042142,31.1936906407484,336937.4784637515,3452329.6146725877
BV10039863,昌平路(地铁站),交通设施服务;地铁站;地铁站,150500,7号线,静安区,121.442617,31.233749,昌平路,121.43799925323084,31.235610048922652,351241.2518134454,3456765.583569494
BV10039963,三林东(地铁站),交通设施服务;地铁站;地铁站,150500,11号线,浦东新区,121.522999,31.146459,三林东,121.51864117812994,31.148573636096582,358792.8733835967,3447012.1632888615
BV10039894,衡山路(地铁站),交通设施服务;地铁站;地铁站,150500,1号线,徐汇区,121.446424,31.204528,衡山路,121.4418163183559,31.206409079522683,351559.17581848276,3453523.578997655
BV10039786,长清路(地铁站),交通设施服务;地铁站;地铁站,150500,13号线;7号线,浦东新区,121.488524,31.174008,长清路,121.48404049454565,31.176005833432484,355535.92799665517,3450097.5536219086
BV10960995,民雷路(地铁站),交通设施服务;地铁站;地铁站,150500,9号线,浦东新区,121.668125,31.268335,民雷路,121.66384728438085,31.27044311557312,372798.8137249397,3460344.427510527
BV10039973,上海图书馆(地铁站),交通设施服务;地铁站;地铁站,150500,10号线,徐汇区,121.444363,31.20796,上海图书馆,121.4397508598436,31.20983594994497,351367.74779124407,3453906.2156973756
BV10039943,嘉怡路(地铁站),交通设施服务;地铁站;地铁站,150500,14号线,嘉定区,121.345697,31.259195,嘉怡路,121.34112203740543,31.261083812484507,342056.30822927307,3459723.904098327
BV10039987,殷高西路(地铁站),交通设施服务;地铁站;地铁站,150500,3号线,宝山区,121.484856,31.320005,殷高西路,121.48034727011421,31.32192762229036,355406.54718072584,3466277.4535688735
BV10039949,浦东南路(地铁站),交通设施服务;地铁站;地铁站,150500,(在建)19号线;14号线,浦东新区,121.512412,31.238532,浦东南路,121.50800880334712,31.240570218875057,357916.8282775888,3457223.225140573
BV10039988,赤峰路(地铁站),交通设施服务;地铁站;地铁站,150500,3号线,虹口区,121.482429,31.281247,赤峰路,121.47791536351585,31.283177862336505,355115.8289296535,3461985.296358834
BV10717297,萧塘(地铁站),交通设施服务;地铁站;地铁站,150500,5号线,奉贤区,121.441857,30.965888,萧塘,121.43726102696759,30.967893798350072,350752.73377921665,3427091.2387886858
BV10025388,上海动物园(地铁站),交通设施服务;地铁站;地铁站,150500,10号线,长宁区,121.368137,31.190246,上海动物园,121.3635238228082,31.19212946934721,344076.2684655513,3452048.46643062
BV10039891,新闸路(地铁站),交通设施服务;地铁站;地铁站,150500,1号线,黄浦区,121.468151,31.238373,新闸路,121.46359560898854,31.24028441306585,353686.42863028834,3457249.5348661393
BV10039790,莲溪路(地铁站),交通设施服务;地铁站;地铁站,150500,13号线;18号线,浦东新区,121.566414,31.16911,莲溪路,121.56217800595604,31.171313354560695,362976.0715642504,3449478.026676779
